protein_ID,ClusterID,ClusterColor,X21_23,X21_29,X23_23,X23_29,X25_23,X25_29,X27_23,X27_29,X29_23,X29_29,X31_23,X31_29
CHOYP_AAEL_AAEL001706.1.1.m.43821,2,green,1.1050551699692,-0.0769939172028294,0.484354516179238,0.73287630969894,0.577283344679365,0.968632282921269,-0.736236003605837,-1.38679879603696,-1.38679879603696,-1.38679879603696,1.18795066144631,-0.0825259759747916
CHOYP_ACA1_091870.1.1.m.43726,5,darkslategray1,0.684056702935461,1.26001176486565,0.706508222284842,0.995442856670476,0.372194124386665,0.694733723315708,-0.0611482740900638,-1.46001660320767,-1.46001660320767,-1.46001660320767,0.309986655844537,-0.581735966590251
CHOYP_ACT.6.27.m.15622,2,green,-0.424488754419684,-0.424488754419684,-0.424488754419684,-0.424488754419684,1.8153950444724,-0.424488754419684,-0.424488754419684,-0.424488754419684,-0.424488754419684,-0.424488754419684,2.42949249972444,-0.424488754419684
CHOYP_ADA.1.1.m.5625,1,black,-1.37515719490517,-1.37515719490517,-0.732467379383658,-0.644298921293668,0.00310877613915424,0.271578143973786,-0.668921887454505,0.0539354420909073,0.479383818881791,1.64479792689132,1.3471944223054,0.996004047659814
CHOYP_ADA17.3.3.m.54971,2,green,-0.856271869163179,-0.856271869163179,-0.856271869163179,0.405819845437474,0.276020395813079,1.90053127139243,0.326928456116794,-0.856271869163179,-0.856271869163179,-0.856271869163179,1.39548617890411,0.832845067315191
CHOYP_ADAMTS16.1.1.m.28149,4,purple,1.2236299031849,1.13309920707095,1.30899885459203,1.15241766546922,0.635697615731249,-0.416143377366666,-0.295467667038361,-0.935548809731795,-0.860241186373642,-0.933316895411071,-1.00656265506341,-1.00656265506341
CHOYP_ALF.3.3.m.66837,1,black,-0.840074496795453,-0.840074496795453,-0.840074496795453,-0.840074496795453,-0.840074496795453,-0.353298421756388,-0.434470750031114,0.4572127563272,1.39805097521661,0.0468766434823492,1.88233836727601,1.2036629134626
CHOYP_ALPHATUB84D.1.1.m.16562,2,green,-0.678093011936771,-0.678093011936771,1.80673166075309,-0.678093011936771,1.34104734595134,0.0216516523125493,-0.678093011936771,-0.0699819098242353,-0.678093011936771,-0.678093011936771,-0.678093011936771,1.64720233436465
CHOYP_AMY.2.3.m.15473,2,green,-0.86003666341786,-0.86003666341786,0.162462643951758,2.58825428956572,0.222805719713299,0.413780130976439,0.191787497250573,-0.86003666341786,-0.86003666341786,-0.86003666341786,0.531724637186526,0.189368398444988
CHOYP_ARGI.1.2.m.3263,5,darkslategray1,2.84659728955659,0.309674936512391,-0.166505703969695,-0.58807559698876,-0.58807559698876,-0.58807559698876,-0.58807559698876,-0.58807559698876,-0.354282814274896,0.151485108100191,-0.58807559698876,0.741484766007981
CHOYP_ATS6.3.3.m.56109,4,purple,1.14073917183602,1.02270280970292,1.20734387212384,1.18184431234398,1.02290034869948,-0.358111805463177,-0.756473032936293,-0.749606849883509,-0.741855147190981,-0.98982789307743,-0.98982789307743,-0.98982789307743
CHOYP_BM8F.1.2.m.3009,2,green,-0.482296366996747,-0.482296366996747,-0.482296366996747,-0.482296366996747,0.4200538623957,2.68296217308412,-0.482296366996747,-0.482296366996747,-0.482296366996747,-0.482296366996747,-0.482296366996747,1.2376512674909
CHOYP_BRAFLDRAFT_104488.3.3.m.2973,2,green,0.667217010909894,-1.06423340296376,0.679998745722852,0.915036879916042,-0.12865787998344,1.12378261265711,-1.06423340296376,-1.06423340296376,-1.06423340296376,-1.06423340296376,1.3344778142357,0.729311831360644
CHOYP_BRAFLDRAFT_118250.1.1.m.11178,3,gray50,-0.165977956872114,1.06147091154401,-0.726601674962303,-0.726601674962303,-0.726601674962303,-0.726601674962303,-0.726601674962303,1.13260031614694,1.838294693991,1.21982375992629,-0.726601674962303,-0.726601674962303
CHOYP_BRAFLDRAFT_125073.1.1.m.1752,5,darkslategray1,1.57827955427244,1.71911790888605,0.00755172903239338,-1.01959476661528,-1.01959476661528,-1.01959476661528,0.0702720398796326,-0.457195753093854,0.72543921288904,0.746849696886094,-0.311935322290661,-1.01959476661528
CHOYP_BRAFLDRAFT_127065.4.7.m.28277,4,purple,1.67905737964979,0.139907177886168,0.887257653894888,2.00481007226197,0.12380270096808,-0.690690712094413,-0.690690712094413,-0.690690712094413,-0.690690712094413,-0.690690712094413,-0.690690712094413,-0.690690712094413
CHOYP_BRAFLDRAFT_127065.5.7.m.28848,5,darkslategray1,1.94042659505298,0.969832219761388,1.00560477225628,0.174288973899851,0.849057513117227,-0.762346282930541,0.229697937563388,-0.907923976952557,-0.774865820910341,-0.907923976952557,-0.907923976952557,-0.907923976952557
CHOYP_BRAFLDRAFT_129759.2.2.m.30082,5,darkslategray1,2.9487288584973,0.873584712907945,-0.112498548306496,-0.412201669233194,-0.412201669233194,-0.412201669233194,-0.412201669233194,-0.412201669233194,-0.412201669233194,-0.412201669233194,-0.412201669233194,-0.412201669233194
CHOYP_BRAFLDRAFT_151236.1.1.m.30653,5,darkslategray1,2.21661329512734,1.24852943446129,1.38391067593542,-0.538783711724894,-0.538783711724894,-0.538783711724894,-0.538783711724894,-0.538783711724894,-0.538783711724894,-0.538783711724894,-0.538783711724894,-0.538783711724894
CHOYP_BRAFLDRAFT_201924.1.1.m.30855,5,darkslategray1,2.98467150793874,0.784989942952858,-0.155509986098354,-0.401572384977027,-0.401572384977027,-0.401572384977027,-0.401572384977027,-0.401572384977027,-0.401572384977027,-0.401572384977027,-0.401572384977027,-0.401572384977027
CHOYP_BRAFLDRAFT_208436.4.32.m.22689,3,gray50,-0.171108872395977,2.27251693824658,0.0999183836216473,-1.30185843139456,-1.30185843139456,-1.30185843139456,0.374878581373856,0.138957017881828,0.587935482236512,0.435345383019976,0.12161455385151,0.0455178263477457
CHOYP_BRAFLDRAFT_260197.1.1.m.8081,4,purple,-0.0987039011568953,1.11006439611012,-0.0861137103610723,0.71486123985239,1.69308345183533,0.586445483482349,0.286909970846617,-1.14375782060469,-1.43272993272662,-1.43272993272662,0.408150784874613,-0.605480029425534
CHOYP_BRAFLDRAFT_275787.2.2.m.62313,3,gray50,1.20739167426689,0.416072771265855,-0.521100680029422,-0.946948217124095,-0.4986683646265,-0.946948217124095,-0.495255092831236,-0.715086548700429,1.50069223500531,1.76555584422244,-0.946948217124095,0.181242812799375
CHOYP_BRAFLDRAFT_281651.5.8.m.25278,5,darkslategray1,2.79839847097697,0.98540827978455,0.452038165238474,-0.47064943511111,-0.47064943511111,-0.47064943511111,-0.47064943511111,-0.47064943511111,-0.47064943511111,-0.47064943511111,-0.47064943511111,-0.47064943511111
CHOYP_BRAFLDRAFT_284508.1.1.m.4587,4,purple,0.974167083087772,2.61297646961073,0.961487644065867,-0.505403466307152,-0.505403466307152,-0.505403466307152,-0.505403466307152,-0.505403466307152,-0.505403466307152,-0.505403466307152,-0.505403466307152,-0.505403466307152
CHOYP_BRAFLDRAFT_63471.1.1.m.25619,3,gray50,-0.0108342335004773,0.059765104087202,-1.129373543423,1.43609395465482,-1.129373543423,-1.129373543423,0.0895535053097944,1.33730448344021,1.41647384210118,0.169797561147157,-1.129373543423,0.0193399564521022
CHOYP_BRAFLDRAFT_67226.1.1.m.38034,1,black,-1.06128660704669,-1.06128660704669,-1.06128660704669,-1.06128660704669,0.975306568516038,0.157202928115859,0.99064815900387,-0.00301303308679955,1.11697045967704,1.14040340638355,-1.06128660704669,0.928914546623875
CHOYP_BRAFLDRAFT_67261.1.2.m.16694,1,black,-1.35054263068048,-1.35054263068048,-1.35054263068048,-0.516316844728237,0.455545158519008,0.494547270979874,1.77567686112416,0.796053567939049,0.0258496442344443,-0.236574268357592,0.331585267255429,0.925261235075289
CHOYP_BRAFLDRAFT_84494.2.5.m.30751,5,darkslategray1,1.26779098338154,1.36998061348983,2.2137352453783,-0.539056315805519,-0.539056315805519,-0.539056315805519,-0.539056315805519,-0.539056315805519,-0.539056315805519,-0.539056315805519,-0.539056315805519,-0.539056315805519
CHOYP_BRAFLDRAFT_84494.4.5.m.44543,2,green,-0.607081547872498,-0.607081547872498,-0.607081547872498,0.436103405296513,0.329211859084014,2.80963292244023,0.338386895072011,-0.607081547872498,-0.607081547872498,-0.607081547872498,-0.607081547872498,0.336235753214722
CHOYP_BRAFLDRAFT_89746.1.2.m.29425,4,purple,-0.147782655263582,0.961870484569579,0.869427100430047,1.69579012422964,1.31200768893131,0.0724972588892328,0.0780138489591716,-0.96836477014908,-0.96836477014908,-0.96836477014908,-0.96836477014908,-0.96836477014908
CHOYP_CALM.42.50.m.56135,2,green,-0.806126511910243,-0.252827067749146,0.2716918468371,-0.214685495162461,2.53454680985196,0.518940182765091,0.891295371543566,-0.806126511910243,-0.806126511910243,-0.806126511910243,-0.806126511910243,0.281670911465102
CHOYP_CALM.49.50.m.63320,5,darkslategray1,2.6815298843707,-0.571736931570719,-0.571736931570719,-0.571736931570719,-0.571736931570719,-0.571736931570719,-0.571736931570719,0.612811701682426,0.630685798039974,0.648868068472652,-0.571736931570719,-0.571736931570719
CHOYP_CASP7.9.23.m.25523,2,green,0.477231926697609,-0.305332411218091,-0.337148335977046,1.14450520548241,0.107765333622209,1.93775510136431,-0.28387795904507,-1.17189967969643,-1.17189967969643,-1.17189967969643,1.09030887032113,-0.315508692158164
CHOYP_CBG11254.1.1.m.9107,5,darkslategray1,2.47580096932153,1.75509569575345,-0.423089666507499,-0.423089666507499,-0.423089666507499,-0.423089666507499,-0.423089666507499,-0.423089666507499,-0.423089666507499,-0.423089666507499,-0.423089666507499,-0.423089666507499
CHOYP_CELE_F01D5.5.1.1.m.4263,1,black,-0.943420895288626,-0.943420895288626,-0.943420895288626,-0.943420895288626,-0.943420895288626,0.0700814699555601,-0.0930710646920732,1.27604260217286,0.660195826311415,1.13697340696101,-0.112632732968733,1.77951496870309
CHOYP_CELE_F01D5.5.1.1.m.4265,1,black,-0.672304998879592,-0.672304998879592,-0.672304998879592,-0.672304998879592,-0.672304998879592,-0.316106958335765,-0.672304998879592,-0.0551349447389428,-0.0355452914769475,2.26373834564908,0.501116278529066,1.67576256365106
CHOYP_CLEC10A.3.3.m.27236,4,purple,1.30862499579338,0.785635806397252,0.0655043136845572,0.936400621582216,0.130339477836721,1.17219444869963,0.796964327129446,-0.499521934443865,-1.17403551416983,-1.17403551416983,-1.17403551416983,-1.17403551416983
CHOYP_CNDP2.4.4.m.56870,4,purple,-0.118429132413168,0.93458458284569,2.46231521343467,-0.0101258771825197,0.779334656894591,-0.775086651127442,-0.546250244091187,-0.775086651127442,-0.775086651127442,-0.775086651127442,-0.775086651127442,0.374004056149131
CHOYP_CNOT1.1.1.m.12106,5,darkslategray1,1.09838994357428,1.22336017479196,-1.1605346826882,-0.455542881977893,-1.1605346826882,-0.208471593173241,-1.1605346826882,0.625885299968585,0.679466566913222,1.28425753416273,0.394793686493149,-1.1605346826882
CHOYP_CO5A2.1.1.m.28030,5,darkslategray1,2.99200402963085,0.679283429690853,0.096321006609158,-0.418623162881207,-0.418623162881207,-0.418623162881207,-0.418623162881207,-0.418623162881207,-0.418623162881207,-0.418623162881207,-0.418623162881207,-0.418623162881207
CHOYP_CO6A3.2.5.m.39533,1,black,-0.715539898290948,0.804150602031765,-0.715539898290948,-0.715539898290948,-0.414471790880553,-0.715539898290948,-0.00211799324321004,-0.219373625949442,1.74839863043001,2.08293294781909,-0.715539898290948,-0.421819278752926
CHOYP_COCA1.3.6.m.49360,5,darkslategray1,3.12406094762028,0.282476888600557,-0.340653783622084,-0.340653783622084,-0.340653783622084,-0.340653783622084,-0.340653783622084,-0.340653783622084,-0.340653783622084,-0.340653783622084,-0.340653783622084,-0.340653783622084
CHOYP_contig_001129.m.1188,4,purple,0.925597579002069,2.59971317071731,0.944371958156778,-0.00389544748815595,-0.5582234075485,-0.5582234075485,-0.5582234075485,-0.5582234075485,-0.5582234075485,-0.5582234075485,-0.5582234075485,-0.5582234075485
CHOYP_contig_003670.m.4147,2,green,-1.24714557312357,-1.24714557312357,-0.72970852415224,-0.057708185057541,0.404973225394415,0.735083242012361,0.418613579546716,-0.103103821521691,-1.24714557312357,-0.0540030286174852,1.6501672418245,1.47712298994166
CHOYP_contig_003956.m.4511,2,green,-1.08866409608888,-0.591791246513326,0.810649523061091,0.515231012654023,0.908793569089482,0.0933712898553355,-0.0873448153969028,-1.08866409608888,-1.08866409608888,-1.08866409608888,0.861130300604327,1.84461675100148
CHOYP_contig_004705.m.5404,4,purple,-0.268303827553469,1.07578908832343,2.23557886176694,-0.188881966459764,0.42257649721031,0.671736304606007,0.463287831216712,-0.882356557822035,-0.882356557822035,-0.882356557822035,-0.882356557822035,-0.882356557822035
CHOYP_contig_004853.m.5555,1,black,-0.909371371026347,-0.909371371026347,-0.909371371026347,-0.909371371026347,-0.10525224875664,1.91219303995585,-0.127966387454739,-0.0935510257909525,0.778240449096669,0.788523087642556,-0.909371371026347,1.39466994043899
CHOYP_contig_007998.m.9259,5,darkslategray1,2.79022405499543,1.00055057208193,0.456922503483544,-0.471966347840101,-0.471966347840101,-0.471966347840101,-0.471966347840101,-0.471966347840101,-0.471966347840101,-0.471966347840101,-0.471966347840101,-0.471966347840101
CHOYP_contig_008002.m.9263,5,darkslategray1,2.96507671196488,0.765737350213367,0.0819594066741097,-0.423641496539151,-0.423641496539151,-0.423641496539151,-0.423641496539151,-0.423641496539151,-0.423641496539151,-0.423641496539151,-0.423641496539151,-0.423641496539151
CHOYP_contig_008503.m.9899,5,darkslategray1,3.06596478798264,0.544408376370549,-0.361037316435319,-0.361037316435319,-0.361037316435319,-0.361037316435319,-0.361037316435319,-0.361037316435319,-0.361037316435319,-0.361037316435319,-0.361037316435319,-0.361037316435319
CHOYP_contig_008975.m.10444,3,gray50,0.917499265533212,-0.0104892786635712,-0.0754159226191028,0.0554014148794215,-1.05639925065994,-1.05639925065994,2.07943050962055,0.0307692493331331,1.16463128151889,0.0637704830372358,-1.05639925065994,-1.05639925065994
CHOYP_contig_016370.m.19270,1,black,-0.807680046861673,-0.807680046861673,-0.807680046861673,-0.807680046861673,-0.807680046861673,0.38799443900123,-0.293705520771449,0.244555472597141,0.265617734871546,0.2772553979036,0.503188224882441,2.65349448582385
CHOYP_contig_016567.m.19514,1,black,-1.49455820643965,-1.42239115250406,-0.796051261121949,-0.863701326923251,0.631685298853804,0.0710948962667395,-0.448191628074204,1.08839495113455,0.238702342780092,0.490230324041538,0.988213924221846,1.51657183776455
CHOYP_contig_023945.m.27245,5,darkslategray1,2.69447905177305,1.18682435712955,0.473438619040337,-0.483860225326993,-0.483860225326993,-0.483860225326993,-0.483860225326993,-0.483860225326993,-0.483860225326993,-0.483860225326993,-0.483860225326993,-0.483860225326993
CHOYP_contig_024012.m.27306,5,darkslategray1,2.36879208282398,1.5973046754826,0.600897397202486,-0.252204932765508,-0.265700260381186,-0.578441280337481,-0.578441280337481,-0.578441280337481,-0.578441280337481,-0.578441280337481,-0.578441280337481,-0.578441280337481
CHOYP_contig_024166.m.27453,4,purple,0.320317668280442,2.59697615901473,0.837030664810528,-0.144535855427043,0.366821443199262,-0.725293524433049,0.375151066720375,-0.725293524433049,-0.725293524433049,-0.725293524433049,-0.725293524433049,-0.725293524433049
CHOYP_contig_024418.m.27769,5,darkslategray1,2.78132548418263,0.959096478625543,0.412981564836786,0.0165228210697983,-0.521240793589345,-0.521240793589345,-0.521240793589345,-0.521240793589345,-0.521240793589345,-0.521240793589345,-0.521240793589345,-0.521240793589345
CHOYP_contig_024582.m.27943,5,darkslategray1,3.14868650739922,0.0814040906013586,-0.143514456751177,-0.342952904583267,-0.342952904583267,-0.342952904583267,-0.342952904583267,-0.342952904583267,-0.342952904583267,-0.342952904583267,-0.342952904583267,-0.342952904583267
CHOYP_contig_025149.m.28635,5,darkslategray1,3.10886892962502,0.0870886014866917,0.183821363043709,-0.273733572959237,-0.403308844252194,-0.403308844252194,-0.403308844252194,-0.403308844252194,-0.403308844252194,-0.403308844252194,-0.403308844252194,-0.282883411430824
CHOYP_contig_025272.m.28780,5,darkslategray1,2.85196223751885,0.305663259919073,0.254402230249059,0.395487820898971,0.32851875696731,-0.590862043650466,-0.590862043650466,-0.590862043650466,-0.590862043650466,-0.590862043650466,-0.590862043650466,-0.590862043650466
CHOYP_contig_025679.m.29295,5,darkslategray1,2.7526431401682,1.23031155052409,0.140784100427757,-0.458193199013339,-0.458193199013339,-0.458193199013339,-0.458193199013339,-0.458193199013339,-0.458193199013339,-0.458193199013339,-0.458193199013339,-0.458193199013339
CHOYP_contig_025702.m.29329,5,darkslategray1,2.33330365440176,1.62780025201763,0.70080956182838,-0.517990385360863,-0.517990385360863,-0.517990385360863,-0.517990385360863,-0.517990385360863,-0.517990385360863,-0.517990385360863,-0.517990385360863,-0.517990385360863
CHOYP_contig_026129.m.29781,5,darkslategray1,1.65986510561411,2.0155781824847,1.22878385691758,-0.544914127224044,-0.544914127224044,-0.544914127224044,-0.544914127224044,-0.544914127224044,-0.544914127224044,-0.544914127224044,-0.544914127224044,-0.544914127224044
CHOYP_contig_026328.m.29985,5,darkslategray1,3.11898208289143,0.310045146303405,-0.342902722919483,-0.342902722919483,-0.342902722919483,-0.342902722919483,-0.342902722919483,-0.342902722919483,-0.342902722919483,-0.342902722919483,-0.342902722919483,-0.342902722919483
CHOYP_contig_026477.m.30166,5,darkslategray1,2.94064282038876,0.919706995420746,-0.264068191489098,-0.399586847146712,-0.399586847146712,-0.399586847146712,-0.399586847146712,-0.399586847146712,-0.399586847146712,-0.399586847146712,-0.399586847146712,-0.399586847146712
CHOYP_contig_026494.m.30182,5,darkslategray1,2.96074007120231,0.756774363636539,0.129634129101082,-0.427460951548881,-0.427460951548881,-0.427460951548881,-0.427460951548881,-0.427460951548881,-0.427460951548881,-0.427460951548881,-0.427460951548881,-0.427460951548881
CHOYP_contig_026700.m.30399,5,darkslategray1,1.35983531767714,1.87745279656984,1.37713338980949,-0.012332646593987,0.396107632052233,-0.672578839202495,-0.684282367559698,-0.728267056550506,-0.728267056550506,-0.728267056550506,-0.728267056550506,-0.728267056550506
CHOYP_contig_026723.m.30427,5,darkslategray1,2.78007437052358,0.718669458052423,0.823804397711703,-0.480283136254189,-0.480283136254189,-0.480283136254189,-0.480283136254189,-0.480283136254189,-0.480283136254189,-0.480283136254189,-0.480283136254189,-0.480283136254189
CHOYP_contig_026959.m.30676,5,darkslategray1,2.22840124722982,1.89665393807747,0.401000058034729,-0.502895027038001,-0.502895027038001,-0.502895027038001,-0.502895027038001,-0.502895027038001,-0.502895027038001,-0.502895027038001,-0.502895027038001,-0.502895027038001
CHOYP_contig_026975.m.30698,5,darkslategray1,2.83651124700533,1.09469923658325,-0.187693764847161,-0.146463461458002,-0.182083505850615,-0.487852821633257,-0.487852821633257,-0.487852821633257,-0.487852821633257,-0.487852821633257,-0.487852821633257,-0.487852821633257
CHOYP_contig_027304.m.31034,5,darkslategray1,2.75971773597321,0.829741619495828,0.766380023701088,-0.483982153241125,-0.483982153241125,-0.483982153241125,-0.483982153241125,-0.483982153241125,-0.483982153241125,-0.483982153241125,-0.483982153241125,-0.483982153241125
CHOYP_contig_029222.m.33159,2,green,-1.18226218442525,-1.18226218442525,0.540950018793012,0.74417086802954,0.618294168748442,1.50126514261507,1.54495179785994,-0.717602282508065,-1.18226218442525,-0.215481779133367,-0.599344064807159,0.129582683678334
CHOYP_contig_031126.m.35509,5,darkslategray1,2.7414777942084,1.0216390583422,0.58389842944026,-0.483001697998984,-0.483001697998984,-0.483001697998984,-0.483001697998984,-0.483001697998984,-0.483001697998984,-0.483001697998984,-0.483001697998984,-0.483001697998984
CHOYP_contig_033899.m.38537,1,black,-0.925675286417981,-0.925675286417981,-0.925675286417981,-0.925675286417981,-0.538430964881151,1.43765005310932,1.48085197161743,-0.515323419209674,-0.497554055754581,1.21934494390667,0.110865999675843,1.00529661720807
CHOYP_contig_035889.m.40603,3,gray50,0.858603231188481,0.461557794372128,0.842407885848487,-1.0451821913084,0.432961518767637,-1.0451821913084,0.947094652043293,-1.0451821913084,0.0119094984718603,1.67137637585009,-1.0451821913084,-1.0451821913084
CHOYP_contig_038478.m.43530,2,green,-1.51156124214326,-0.983118174513651,0.509977874895528,0.211088708415372,0.0901408889620216,1.01756286095991,0.100981522764491,0.69202304644387,-1.51156124214326,-0.945675315383513,1.25854452124899,1.0715965504935
CHOYP_contig_039058.m.44237,1,black,-1.17034819639834,-1.17034819639834,-1.17034819639834,-0.0253150901601815,-1.17034819639834,1.39485832048781,-0.103148763553628,-0.0505882158111873,1.13433215639838,1.15909121681199,0.236449026949925,0.935714134470262
CHOYP_contig_039363.m.44567,2,green,-1.07532202160569,0.0977231372552065,0.030678484886887,1.47006469422898,0.127622847140687,0.339125887129547,0.134133056141212,-1.07532202160569,-1.07532202160569,-1.07532202160569,2.01138332245416,0.0905566571860793
CHOYP_contig_039460.m.44676,2,green,-0.854668346616105,0.377146472629859,0.923546605298269,-0.198018741421163,1.63453429498929,1.3584877315091,1.03231371669127,-0.854668346616105,-0.854668346616105,-0.854668346616105,-0.854668346616105,-0.854668346616105
CHOYP_contig_040577.m.46077,5,darkslategray1,0.990053531228408,-0.170770993755908,1.01869828509069,1.335624037392,-0.159916911643809,0.0749920715446833,0.264553481945012,-1.45945489479159,-1.45945489479159,-1.45945489479159,0.788550185891681,0.236580996682018
CHOYP_contig_042697.m.49175,1,black,-0.680759759989539,-0.680759759989539,-0.680759759989539,-0.680759759989539,-0.680759759989539,-0.680759759989539,1.1747451287703,-0.0459466151577662,0.63269429983075,0.646915700176596,-0.680759759989539,2.35690980630689
CHOYP_contig_044803.m.51967,1,black,0.277173497040309,-0.631573390428843,-0.631573390428843,-0.631573390428843,-0.631573390428843,-0.631573390428843,-0.631573390428843,-0.631573390428843,1.43333397910776,1.45551628374284,1.88656336353984,-0.631573390428843
CHOYP_contig_047190.m.55575,1,black,-1.30331398069389,-1.30331398069389,-1.30331398069389,0.527670549951698,0.3873225900988,1.77254413101532,-0.424569468843925,0.474699846330236,0.5310210317519,-0.385124784341796,-0.183632599833858,1.21001064595329
CHOYP_contig_048277.m.57151,5,darkslategray1,2.83598037650498,0.89205822199975,-0.0399132421641263,-0.295780997088727,-0.0292338914592481,0.0942605890795454,-0.624668340755163,-0.624668340755163,-0.624668340755163,-0.624668340755163,-0.624668340755163,-0.334029353096355
CHOYP_contig_048495.m.57473,1,black,-1.22780121702984,-1.22780121702984,-1.22780121702984,-0.471296581132714,-0.161662760231477,0.0346633644858622,0.566564363149281,1.35266650528233,-0.0894513391025671,-0.0860772375092512,0.620451165583113,1.91754617056494
CHOYP_contig_048721.m.57810,1,black,-1.54469800539346,-1.54469800539346,-1.54469800539346,0.656644212877013,0.510191208722063,1.11769685114081,-0.0378602528664019,-0.002025112274783,0.250610759561724,0.261350085732765,0.884076783564511,0.993409479722691
CHOYP_contig_048805.m.57897,5,darkslategray1,2.1701875133613,1.33212539020738,1.22753749440013,-0.653187389312604,-0.149105052237891,-0.653187389312604,-0.653187389312604,-0.653187389312604,-0.653187389312604,-0.653187389312604,-0.0084336205426803,-0.653187389312604
CHOYP_contig_053683.m.64287,1,black,-1.24756935141618,-1.24756935141618,-1.24756935141618,-0.719515960716587,-0.741259578698129,0.533456926322396,0.253583257396163,1.35102853257858,0.909387635081189,0.907428973940321,0.0500725797848092,1.1985256885598
CHOYP_COX1.1.15.m.3193,5,darkslategray1,0.797897645571832,2.37045441081039,0.785711396701108,1.01814087749515,-0.621525541322309,-0.621525541322309,-0.621525541322309,-0.621525541322309,-0.621525541322309,-0.621525541322309,-0.621525541322309,-0.621525541322309
CHOYP_CPVL.1.2.m.2978,1,black,-0.484859157959782,-0.484859157959782,-0.484859157959782,-0.484859157959782,-0.484859157959782,-0.484859157959782,-0.484859157959782,0.162227726143883,1.97512256580178,2.22638212969238,-0.484859157959782,-0.484859157959782
CHOYP_CRE_20365.1.3.m.20889,2,green,-0.592277863588747,-0.592277863588747,-0.592277863588747,-0.592277863588747,0.813027722404093,2.78422045675577,-0.592277863588747,0.138036757068384,-0.592277863588747,-0.592277863588747,0.324022699720779,0.086637409172205
CHOYP_CRIM1.2.3.m.5811,1,black,-0.839757071863651,-0.839757071863651,-0.839757071863651,-0.839757071863651,-0.839757071863651,-0.455814775608012,-0.507746550013251,1.53300030102726,0.910231197817581,1.62965053090694,0.00592419579045397,1.08354045939728
CHOYP_CYTA.1.1.m.10540,5,darkslategray1,3.16338556613678,-0.0124545214237836,-0.315093104471299,-0.315093104471299,-0.315093104471299,-0.315093104471299,-0.315093104471299,-0.315093104471299,-0.315093104471299,-0.315093104471299,-0.315093104471299,-0.315093104471299
CHOYP_DANA_GF10776.1.1.m.18533,2,green,-0.826660225088858,0.290807719105146,1.3594623440623,0.402374911298707,0.275691198430395,0.520057131657727,-0.826660225088858,-0.826660225088858,-0.826660225088858,-0.826660225088858,2.11156804597888,-0.826660225088858
CHOYP_DDB_G0275195.1.1.m.47584,5,darkslategray1,1.279307295423,1.3900544165292,0.248524673017405,0.678655871806936,-0.756973218542027,-0.756973218542027,-0.756973218542027,-0.756973218542027,-0.756973218542027,-0.756973218542027,1.70227027301765,-0.756973218542027
CHOYP_DDX41.1.1.m.16719,3,gray50,1.75015657411795,-0.147497159689366,-0.637402024406241,-0.637402024406241,-0.637402024406241,-0.637402024406241,-0.637402024406241,0.916185658962813,2.05413558909387,-0.111166491641588,-0.637402024406241,-0.637402024406241
CHOYP_DPSE_GA10259.1.1.m.36297,2,green,-1.03854140434926,-1.03854140434926,1.38061416606609,1.70314540070135,-0.41976733315042,-0.290443365385516,1.52515882560551,-0.385993178755812,-0.372786684937816,-1.03854140434926,-0.215336623027511,0.191033005931893
CHOYP_DSIM_GD24875.1.1.m.66201,4,purple,0.534189812148005,2.2051275628412,0.623798234006967,1.45650775936303,-0.307062514186316,-0.196066760410771,-0.555059015602889,-0.63224246420471,-0.891162630067451,-0.620535288426217,-0.891162630067451,-0.726332065393393
CHOYP_DVIR_GJ20612.1.1.m.14542,2,green,-1.01031081327092,-0.313540703175276,-0.353032917420082,2.05210431695017,0.39145329757485,0.660785716509146,-1.01031081327092,-0.285507369747615,-1.01031081327092,-1.01031081327092,0.827222062799683,1.0617588495928
CHOYP_EXOS3.1.1.m.10596,4,purple,0.446019210390218,1.22184676292845,1.7730902832551,-0.11900164185629,1.23936515880473,-0.849335452787837,0.534692943204824,-0.849335452787837,-0.849335452787837,-0.849335452787837,-0.849335452787837,-0.849335452787837
CHOYP_F10A1.4.4.m.44752,3,gray50,0.331020328522146,1.18470965755692,0.625069333492933,-0.461175179243648,-1.57103671341048,-1.21643668243739,-0.313742623181896,0.827452122425885,0.816209288870767,0.441784041180597,-1.57103671341048,0.907183139634636
CHOYP_FABP2.1.2.m.5800,2,green,-0.968564155796852,-0.968564155796852,1.3878156961878,0.349435220470368,0.247306793784811,1.98614220394529,0.301982020216552,0.31367191004692,-0.968564155796852,-0.968564155796852,-0.968564155796852,0.256466934332517
CHOYP_FABP6.2.2.m.59518,2,green,-0.535796285997254,-0.305571836178779,0.0586821795282426,0.864968662116423,-0.0773158678000824,2.03863178126699,0.140514765096211,-0.923244402954533,-0.923244402954533,-0.923244402954533,1.50886421378638,-0.923244402954533
CHOYP_FABP7.1.2.m.22674,1,black,-0.103701863173523,-0.594843037033999,-0.594843037033999,0.520682199907205,-0.594843037033999,-0.594843037033999,0.445113771232751,-0.594843037033999,0.512444793359435,2.78936235791212,-0.594843037033999,-0.594843037033999
CHOYP_FLNA.6.6.m.37383,3,gray50,0.817804026582042,0.907929417010013,1.75396212180366,-0.776734967138161,-0.776734967138161,-0.776734967138161,-0.776734967138161,0.59698289337274,-0.776734967138161,1.36046631119867,-0.776734967138161,-0.776734967138161
CHOYP_G6PD.1.2.m.38380,2,green,-0.728484062495946,-0.728484062495946,-0.728484062495946,2.26109764285576,0.549730670033583,1.02525449555035,0.734834929982412,0.528470699049515,-0.728484062495946,-0.728484062495946,-0.728484062495946,-0.728484062495946
CHOYP_GKAP1.1.1.m.18792,2,green,-1.00421740208183,-1.00421740208183,1.45624899301979,1.7768642215507,0.31576898332844,0.532146791618746,0.322908905969758,0.341985035164117,-1.00421740208183,-1.00421740208183,-1.00421740208183,0.27516407975759
CHOYP_GLIPR1L1.1.1.m.41745,1,black,-1.57135794409009,-1.57135794409009,-1.13145864513507,-0.444796075365306,0.179905070272759,-0.186577959973936,0.432296458264614,0.726232139525955,0.549933292989205,0.949772910087149,0.553823570720368,1.51358512679445
CHOYP_IMSP5.1.2.m.5157,2,green,0.407236821469502,-0.119658423658895,1.61798349056604,0.664105036364101,0.522365150863332,0.1201847260288,0.513848849985155,-1.35375332295065,-1.35375332295065,-1.35375332295065,1.07739433508751,-0.742200017853611
CHOYP_ISCW_ISCW000704.1.1.m.38250,2,green,0.430455211816187,-0.101168655045975,1.65593196370141,-0.45273244683039,0.913944493908353,0.385692191414483,-1.13599560734274,-0.260819758870298,-1.34521218322051,-1.34521218322051,1.37186318300801,-0.116746209318032
CHOYP_ISCW_ISCW010532.2.4.m.35454,3,gray50,-0.575456855081671,-0.729116134619365,-0.729116134619365,-0.0258961667778947,-0.729116134619365,-0.729116134619365,1.24637323769863,1.33623641241347,2.07846574020996,0.157193208337362,-0.729116134619365,-0.571334903703042
CHOYP_LAMC1.1.1.m.36098,4,purple,0.192996414989498,1.70246441390421,2.0603141123177,-0.21777005952949,0.768008421497499,-0.152404272635061,-0.725601505090726,-0.725601505090726,-0.725601505090726,-0.725601505090726,-0.725601505090726,-0.725601505090726
CHOYP_LOC100030437.1.3.m.5994,2,green,-0.990698033121803,-1.18542138446403,1.85131705345743,0.299820930716532,-0.248224063551797,0.821788047479946,0.296442005729392,0.0118059724377058,-1.18542138446403,-1.18542138446403,1.15354984517561,0.360462395069066
CHOYP_LOC100175722.1.3.m.11427,5,darkslategray1,2.91772501200108,0.87987175154019,0.113676341387841,-0.43458590054768,-0.43458590054768,-0.43458590054768,-0.43458590054768,-0.43458590054768,-0.43458590054768,-0.43458590054768,-0.43458590054768,-0.43458590054768
CHOYP_LOC100178400.1.1.m.4321,1,black,-1.26428726718036,-1.26428726718036,0.458961565862461,-1.26428726718036,0.560041284590325,0.358188843560471,0.139786087750698,-0.316538898110948,0.189574493176671,1.20675903892795,-0.671775001172316,1.86786438695577
CHOYP_LOC100181159.1.1.m.6127,1,black,-0.854075950233542,-0.854075950233542,-0.854075950233542,-0.854075950233542,0.531853283103903,-0.854075950233542,0.308846258925015,-0.132701434890689,0.631666597652796,2.43792510424231,-0.250095356593589,0.742885298727963
CHOYP_LOC100183353.1.1.m.54920,5,darkslategray1,2.79622979231076,0.887425376167125,0.412586355040383,-0.352032874624065,0.0553338466512538,-0.571243170902832,-0.571243170902832,-0.571243170902832,-0.571243170902832,-0.571243170902832,-0.571243170902832,-0.37208347012846
CHOYP_LOC100184451.1.8.m.30146,5,darkslategray1,0.370471676525443,2.46588961820531,1.34418547131775,0.49392817850009,-0.584309368068574,-0.584309368068574,-0.584309368068574,-0.584309368068574,-0.584309368068574,-0.584309368068574,-0.584309368068574,-0.584309368068574
CHOYP_LOC100206475.1.16.m.4004,1,black,-0.599417274559875,-0.599417274559875,-0.599417274559875,-0.599417274559875,-0.516577616375375,-0.301761763421079,-0.260984531650576,0.0188555227059978,-0.511004746498846,0.695770865213352,0.405078671604175,2.86829269666185
CHOYP_LOC100227090.1.1.m.1313,3,gray50,-0.552660974261951,-0.552660974261951,-0.552660974261951,-0.552660974261951,-0.552660974261951,-0.552660974261951,-0.552660974261951,1.60870779688519,1.66353575423253,1.70170521723984,-0.552660974261951,-0.552660974261951
CHOYP_LOC100313569.1.1.m.15201,2,green,-0.36365558946418,-0.323909936872815,0.708723233643173,1.76609464654792,0.468787409034154,0.698946716798861,-0.702841333906233,-1.05612079538787,-1.05612079538787,-1.05612079538787,-0.58431248833348,1.5005297287162
CHOYP_LOC100329062.2.2.m.39235,2,green,-1.18544258758078,0.0750287136003353,1.25250045317631,0.185314131618812,1.36771972170431,-0.181298679500013,0.122537813450458,-1.18544258758078,-1.18544258758078,-1.18544258758078,1.02515527408022,0.894812922192691
CHOYP_LOC100367089.1.4.m.1412,5,darkslategray1,2.3576128220462,1.26634637806703,0.567285962049622,-0.61309631977397,-0.61309631977397,-0.61309631977397,-0.61309631977397,-0.61309631977397,0.71352539602891,-0.61309631977397,-0.61309631977397,-0.61309631977397
CHOYP_LOC100368360.1.1.m.9672,5,darkslategray1,2.86183887917239,0.617662158186919,0.288430494854898,-0.270077482609353,-0.294827477975729,-0.588477664253894,0.327839413894242,-0.588477664253894,-0.588477664253894,-0.588477664253894,-0.588477664253894,-0.588477664253894
CHOYP_LOC100370323.1.1.m.62024,5,darkslategray1,1.27330358737986,1.3969470336545,-0.873232517006076,0.337959295303828,-0.873232517006076,-0.873232517006076,-0.873232517006076,0.310764893544922,0.328851122465917,1.59156916968743,-0.873232517006076,-0.873232517006076
CHOYP_LOC100370738.1.1.m.30463,5,darkslategray1,1.93453181740657,2.07323164254803,0.702750893276894,-0.523390483692388,-0.523390483692388,-0.523390483692388,-0.523390483692388,-0.523390483692388,-0.523390483692388,-0.523390483692388,-0.523390483692388,-0.523390483692388
CHOYP_LOC100372473.3.5.m.39839,5,darkslategray1,1.60555312822749,0.104097685146149,0.627367739655057,0.334196505485783,-0.63071555964173,-0.429653340711171,-0.629911310766008,-0.776464757895616,-0.776464757895616,-0.776464757895616,2.1249241841869,-0.776464757895616
CHOYP_LOC100372505.2.2.m.26614,5,darkslategray1,3.07726515147434,0.422288856350497,-0.0113093679400389,-0.387582737764978,-0.387582737764978,-0.387582737764978,-0.387582737764978,-0.387582737764978,-0.387582737764978,-0.387582737764978,-0.387582737764978,-0.387582737764978
CHOYP_LOC100372607.1.1.m.49009,4,purple,1.46472507292527,2.32110166106581,0.77656823022038,0.19302391639497,-0.594427360075804,-0.594427360075804,-0.594427360075804,-0.594427360075804,-0.594427360075804,-0.594427360075804,-0.594427360075804,-0.594427360075804
CHOYP_LOC100373444.44.79.m.39021,5,darkslategray1,0.558233587101811,1.0815095346213,-0.726300906642173,-0.726300906642173,-0.726300906642173,-0.726300906642173,-0.726300906642173,-0.726300906642173,2.16258058673918,0.235994307353333,1.04578833067959,-0.726300906642173
CHOYP_LOC100373842.4.4.m.40731,1,black,-1.10288529148114,-1.10288529148114,-1.05633388701086,-0.820028563824119,-0.692491201585686,0.195291200466183,0.711200984843237,1.77740987942224,-0.429172742259597,1.28052852640788,0.666413451819502,0.572952934683494
CHOYP_LOC100373864.2.2.m.55132,2,green,-0.440429770514659,-0.933789173390072,-0.309603653390493,0.91723933800876,-0.399651999250288,-0.622729001859981,0.822080152888394,-0.52855503876575,-0.933789173390072,-0.933789173390072,1.46320864975087,1.89980884330337
CHOYP_LOC100375029.6.10.m.36981,1,black,-0.597152232289368,-0.597152232289368,-0.597152232289368,-0.597152232289368,-0.597152232289368,-0.597152232289368,-0.597152232289368,1.43002529877933,-0.597152232289368,2.2088628677076,1.10550845063006,0.0328212411979544
CHOYP_LOC100375293.2.2.m.58888,2,green,-1.01108694057705,1.03548751802615,0.939719126939714,0.110735322220151,1.04163561226874,0.217790983762207,0.0406785765430934,-1.01108694057705,-1.01108694057705,-1.01108694057705,1.66938756312519,-1.01108694057705
CHOYP_LOC100377195.1.2.m.28624,5,darkslategray1,2.51868553290392,0.704127492493061,0.779713219407541,0.225127220948442,0.14440636373245,-0.135131236477949,-0.0922577429228687,-0.813154140675291,-0.728347786709983,-0.892312658719361,-0.892312658719361,-0.818543605260605
CHOYP_LOC100377801.1.1.m.10929,4,purple,-0.0351434680121926,1.55845907862399,0.949882135784574,0.645689494629857,1.06995745781734,-0.378366407093646,1.08316834434813,-0.97872932721961,-0.97872932721961,-0.97872932721961,-0.97872932721961,-0.97872932721961
CHOYP_LOC100377856.1.2.m.13657,2,green,-0.548318934102481,-0.548318934102481,-0.548318934102481,-0.548318934102481,1.37347976844875,2.27304421920084,-0.548318934102481,-0.548318934102481,-0.548318934102481,-0.548318934102481,1.16618386757529,-0.426156382405026
CHOYP_LOC100402577.1.1.m.44548,1,black,-1.256875955711,-1.256875955711,-0.815731008313541,0.265300152745621,-0.792392867976494,0.717328504439331,-0.552423463070483,1.20477621922735,1.53972747618388,0.532471628508058,-0.648616013350414,1.0633112830287
CHOYP_LOC100459096.3.3.m.45135,1,black,-0.87846263757546,-0.87846263757546,-0.87846263757546,-0.87846263757546,-0.445515860622486,-0.348917762665685,0.011383462642777,0.978231146189198,0.557418224933898,2.49960053747762,0.277405304534067,-0.0157545021875481
CHOYP_LOC100472408.1.1.m.17281,2,green,-1.50658037928164,0.297150531460345,1.10996144331885,0.445927940409198,0.302643250643802,-0.431652446896865,0.376000327657376,0.393287058082468,-1.50658037928164,-1.50658037928164,0.864350462166215,1.16207257100352
CHOYP_LOC100485485.1.1.m.27961,5,darkslategray1,3.14434397340378,0.155524410035711,-0.329986838343949,-0.329986838343949,-0.329986838343949,-0.329986838343949,-0.329986838343949,-0.329986838343949,-0.329986838343949,-0.329986838343949,-0.329986838343949,-0.329986838343949
CHOYP_LOC100486063.9.9.m.65186,1,black,-1.37369817224202,-1.37369817224202,-1.28833888507656,-0.760071596631308,0.368721987936059,0.926159627224447,0.567425367455046,1.13566925538945,0.698920163787784,-0.43912660461745,0.259687354038733,1.27834967497783
CHOYP_LOC100533291.4.7.m.29195,5,darkslategray1,1.6150606721379,1.74945467537845,1.6075371253409,-0.552450274761917,-0.552450274761917,-0.552450274761917,-0.552450274761917,-0.552450274761917,-0.552450274761917,-0.552450274761917,-0.552450274761917,-0.552450274761917
CHOYP_LOC100533367.1.1.m.49626,5,darkslategray1,2.00503306004058,1.58168999481963,0.935661275751642,-0.0773446025937203,0.437345608651991,-0.697483619524302,-0.697483619524302,-0.697483619524302,-0.697483619524302,-0.697483619524302,-0.697483619524302,-0.697483619524302
CHOYP_LOC100535716.2.3.m.39162,1,black,-1.15082247946392,-1.15082247946392,-1.15082247946392,1.15129238277317,0.540451109104073,-1.15082247946392,0.986099600890379,0.628276487988265,0.8993551497463,1.17128053823409,-0.0418536722260329,-0.731611678654551
CHOYP_LOC100536597.1.1.m.52329,4,purple,1.68604428751396,1.82328830169516,0.496631126784202,0.663086037373101,-0.742957123960024,-0.742957123960024,0.531650114353747,-0.742957123960024,-0.742957123960024,-0.742957123960024,-0.742957123960024,-0.742957123960024
CHOYP_LOC100555907.1.1.m.27452,5,darkslategray1,2.42128356949569,1.47606089654255,0.74856720295269,-0.516212407665659,-0.516212407665659,-0.516212407665659,-0.516212407665659,-0.516212407665659,-0.516212407665659,-0.516212407665659,-0.516212407665659,-0.516212407665659
CHOYP_LOC100708991.3.5.m.40072,3,gray50,-0.396378507973955,-0.369162547626038,-0.722905809903766,-0.722905809903766,-0.722905809903766,-0.0834591862181011,-0.193807275054015,2.26035305918198,1.38172852282157,1.0152549843874,-0.722905809903766,-0.722905809903766
CHOYP_LOC100744506.1.1.m.44043,2,green,-0.809800977602012,-0.809800977602012,-0.809800977602012,0.990857981431684,1.16177946570622,1.43587207153193,-0.519405845103823,-0.636191310737865,-0.686904614923655,-0.502741153414528,1.71930955497466,-0.533173216658585
CHOYP_LOC100748395.6.7.m.57994,3,gray50,-0.466509670545063,-0.466509670545063,-0.466509670545063,-0.466509670545063,-0.466509670545063,-0.466509670545063,-0.466509670545063,1.40532931322465,2.65464788238145,0.138609839299463,-0.466509670545063,-0.466509670545063
CHOYP_LOC100749506.1.1.m.8951,5,darkslategray1,2.90759870165401,0.983514430532352,-0.14818868477847,-0.415880494156432,-0.415880494156432,-0.415880494156432,-0.415880494156432,-0.415880494156432,-0.415880494156432,-0.415880494156432,-0.415880494156432,-0.415880494156432
CHOYP_LOC100881430.1.1.m.4201,4,purple,-0.295958247473521,1.66341699106113,1.53585319644638,0.646888052353986,0.517159295582093,0.803018786651909,-0.247304683288556,-0.614608994630664,-1.00211609917569,-1.00211609917569,-1.00211609917569,-1.00211609917569
CHOYP_LOC100883123.1.1.m.704,2,green,-0.51814671314705,-0.477502462442305,-0.512883012747432,0.822245917186541,0.701971327102954,0.125355121421681,1.09534134744367,-1.20682382257404,-1.20682382257404,-1.20682382257404,1.75989798361087,0.624191959293208
CHOYP_LOC100899149.2.2.m.29105,5,darkslategray1,2.69140772787208,1.32028949482963,0.0509018098263432,-0.526041926460077,-0.526041926460077,-0.16553383240805,-0.214771714899469,-0.526041926460077,-0.526041926460077,-0.526041926460077,-0.526041926460077,-0.526041926460077
CHOYP_LOC100933241.16.45.m.30626,4,purple,0.56415533444353,1.142153629201,0.579560543290747,1.85571408953535,1.17008130817194,-0.827473013279192,-0.346826824967417,-0.827473013279192,-0.827473013279192,-0.827473013279192,-0.827473013279192,-0.827473013279192
CHOYP_LOC101033229.1.1.m.38291,5,darkslategray1,1.92547676364216,2.07083043466353,0.725730590638266,-0.524670865438218,-0.524670865438218,-0.524670865438218,-0.524670865438218,-0.524670865438218,-0.524670865438218,-0.524670865438218,-0.524670865438218,-0.524670865438218
CHOYP_LOC101064693.1.2.m.30288,5,darkslategray1,2.66153397304466,1.42083370924093,-0.0256166190674854,-0.511992182983043,-0.346980078030518,-0.309027293891437,-0.511992182983043,-0.511992182983043,-0.32879059339789,-0.511992182983043,-0.511992182983043,-0.511992182983043
CHOYP_LOC101067698.2.2.m.27457,5,darkslategray1,3.07196454233467,0.384920247673104,0.0991468923311467,-0.395114631370991,-0.395114631370991,-0.395114631370991,-0.395114631370991,-0.395114631370991,-0.395114631370991,-0.395114631370991,-0.395114631370991,-0.395114631370991
CHOYP_LOC101069006.1.2.m.5484,1,black,-0.733758428150984,-0.733758428150984,-0.733758428150984,-0.733758428150984,-0.733758428150984,-0.196937867805737,-0.503896575745333,1.19308288074957,-0.253184089844993,2.03308089040992,-0.144000247062908,1.5406471500544
CHOYP_LOC101156833.1.1.m.38739,1,black,-1.3277902765607,-1.3277902765607,-0.700447180355131,-0.789707273826879,-0.323090699325481,-0.142432954969237,0.853476357126237,0.919275050844122,0.45377381365683,1.73097781803847,-0.46230714425761,1.11606276619008
CHOYP_LOC101169658.1.3.m.18820,1,black,-1.70843341141581,-1.61016263136988,-1.17408724495328,-0.438401502978198,0.0317016050746981,0.425356476317881,0.410380011998961,0.525767056037866,0.986884285499411,0.683455144879557,1.16428498549592,0.703255225412875
CHOYP_LOC494408.1.1.m.29208,5,darkslategray1,2.57378927535932,1.42617399880219,0.413618221531272,-0.499636425525277,-0.499636425525277,-0.499636425525277,-0.416490091490569,-0.499636425525277,-0.499636425525277,-0.499636425525277,-0.499636425525277,-0.499636425525277
CHOYP_LOC576665.1.2.m.10867,5,darkslategray1,2.93217970369768,0.889893515395668,-0.0152896028739285,-0.422975957357714,-0.422975957357714,-0.422975957357714,-0.422975957357714,-0.422975957357714,-0.422975957357714,-0.422975957357714,-0.422975957357714,-0.422975957357714
CHOYP_LOC577063.1.1.m.30814,5,darkslategray1,0.619761200728504,0.681495205565373,2.86719318856343,-0.463161066095256,-0.463161066095256,-0.463161066095256,-0.463161066095256,-0.463161066095256,-0.463161066095256,-0.463161066095256,-0.463161066095256,-0.463161066095256
CHOYP_LOC581183.1.1.m.49767,5,darkslategray1,3.1542359141906,0.0417059248932828,-0.16183870660111,-0.337122570275864,-0.337122570275864,-0.337122570275864,-0.337122570275864,-0.337122570275864,-0.337122570275864,-0.337122570275864,-0.337122570275864,-0.337122570275864
CHOYP_LOC592209.1.1.m.48009,5,darkslategray1,2.88417152461077,0.642048739504516,0.221733333118645,-0.550793797968984,0.266823212614547,-0.550793797968984,-0.159220224065592,-0.550793797968984,-0.550793797968984,-0.550793797968984,-0.550793797968984,-0.550793797968984
CHOYP_LOC656741.1.1.m.19820,2,green,-0.913720428870091,-0.913720428870091,0.914995173987972,2.23261296958294,0.0672334318423231,0.227795077940049,0.0725198748311799,0.0866920411417322,-0.913720428870091,-0.913720428870091,-0.913720428870091,0.966753575024262
CHOYP_LOC657694.1.1.m.34526,1,black,0.371574525396189,0.339498681690342,-0.874454964149661,-0.321567267068296,-0.874454964149661,0.208287633463746,-0.874454964149661,-0.874454964149661,0.197740459656821,2.20121887073877,1.37552191687073,-0.874454964149661
CHOYP_LOC664138.1.1.m.26660,5,darkslategray1,2.60743840587375,1.47675844875118,0.154736371057714,-0.470992580631405,-0.470992580631405,-0.470992580631405,-0.470992580631405,-0.470992580631405,-0.470992580631405,-0.470992580631405,-0.470992580631405,-0.470992580631405
CHOYP_LOC752782.1.1.m.53937,4,purple,0.415289641383673,1.96995356505171,1.32977756000484,0.779944091440456,-0.849596115215592,-0.849596115215592,-0.849596115215592,0.131387619261721,-0.849596115215592,-0.849596115215592,-0.849596115215592,0.471224214151148
CHOYP_LYRM4.2.3.m.7011,3,gray50,0.649820404803259,-0.185937312798346,-1.11596063907675,0.900045916444991,-1.11596063907675,-1.11596063907675,-0.189427394678497,0.823431104645314,1.87986553060192,-0.114449080602526,-1.11596063907675,0.700493387890905
CHOYP_MDN1.3.8.m.3846,5,darkslategray1,1.02233613101314,0.467024451258843,-0.163946384276125,0.271027081830739,-0.579408649173784,0.0078759141264865,-0.471124631223097,-0.855743861894851,-0.909446896626167,-0.909446896626167,2.55092224161954,-0.430068500028561
CHOYP_MLRA.3.3.m.62296,5,darkslategray1,1.31547205874883,1.60853794695129,1.05135097403512,-0.198223929449604,-1.33323940886749,-1.33323940886749,-0.274813686430523,-0.0840836228159759,0.234107564719761,0.113714105061414,0.233656815782159,-1.33323940886749
CHOYP_MP2K4.1.1.m.10635,2,green,-0.619807734369123,-0.206509079424529,1.17711308476207,1.93003641218207,0.542334712781985,0.0125740789707029,0.172133721924359,-0.925665164879477,-1.30258459821739,-1.30258459821739,-0.351541268598167,0.874500433084884
CHOYP_MP2K5.1.1.m.45311,2,green,-0.72271713728131,-0.72271713728131,-0.72271713728131,1.67574091692659,0.365683439369979,1.93409227957843,-0.72271713728131,-0.72271713728131,-0.72271713728131,-0.72271713728131,0.734397586716271,0.3491057383779
CHOYP_MSI2H.3.3.m.35858,5,darkslategray1,1.87913023141273,1.47471743867365,0.963847771328052,0.318359005761786,-0.0836075569130837,-0.246760909570148,0.242429043831455,-0.909623004904888,-0.909623004904888,-0.909623004904888,-0.909623004904888,-0.909623004904888
CHOYP_NEMVEDRAFT_V1G165338.1.1.m.60296,3,gray50,0.181459508077122,0.239505988227492,-0.847573737952066,-0.847573737952066,-0.847573737952066,-0.847573737952066,0.23540410055869,1.41983211431993,1.4919967194699,1.51724399705927,-0.847573737952066,-0.847573737952066
CHOYP_NEMVEDRAFT_V1G165649.1.1.m.2893,3,gray50,-0.760708437310762,-0.179036488274914,-0.760708437310762,-0.760708437310762,0.00134391111502519,-0.760708437310762,-0.184533378570939,1.25406331109642,1.93473495956905,1.54853109328124,-0.760708437310762,-0.571561221662071
CHOYP_NRP.1.4.m.29956,5,darkslategray1,3.08079049552764,0.407912573352969,-0.0131485316084366,-0.386172726363574,-0.386172726363574,-0.386172726363574,-0.386172726363574,-0.386172726363574,-0.386172726363574,-0.386172726363574,-0.386172726363574,-0.386172726363574
CHOYP_OTU5B.1.1.m.6212,3,gray50,1.20042992019671,0.173455174790004,0.130307145148087,-0.985660411395077,-0.985660411395077,-0.985660411395077,-0.985660411395077,1.44147363366173,0.272489083250041,1.57613909319574,-0.985660411395077,0.134008006733065
CHOYP_PAN2.1.1.m.44691,3,gray50,0.838803160401998,0.624386783111445,-0.808129509100399,-0.808129509100399,0.748461982129487,-0.808129509100399,-0.808129509100399,0.151990798320778,0.16626151166529,2.3188728189734,-0.808129509100399,-0.808129509100399
CHOYP_PEAR1.8.16.m.41400,4,purple,1.51580314742043,1.00199977099442,0.91931330200195,1.39941378899259,0.344342232895556,0.0807662417808139,-0.516839419774952,-0.948959812862161,-0.948959812862161,-0.948959812862161,-0.948959812862161,-0.948959812862161
CHOYP_PHUM_PHUM184790.1.1.m.41715,5,darkslategray1,2.88109812067281,0.887447872015097,0.275304879544954,-0.473808236397987,-0.368715930446214,-0.473808236397987,-0.473808236397987,-0.473808236397987,-0.473808236397987,-0.358477287000738,-0.473808236397987,-0.473808236397987
CHOYP_PITG_07096.1.1.m.4922,2,green,-0.720377668693142,-0.720377668693142,-0.132016981284813,1.28058395380335,1.13908737181182,2.21666767672028,-0.720377668693142,-0.720377668693142,-0.720377668693142,-0.0654886644116949,-0.720377668693142,-0.116567344480094
CHOYP_PRP6.2.2.m.34365,5,darkslategray1,1.27349216804166,0.900395495926342,1.44323931116103,-0.762712434333589,1.54285858277758,0.17900148242851,-0.762712434333589,-0.762712434333589,-0.762712434333589,-0.762712434333589,-0.762712434333589,-0.762712434333589
CHOYP_PWAP.1.1.m.44818,1,black,-1.53737200958907,-1.53737200958907,-0.623341636552012,-0.00118362295795646,-0.127822535434762,0.149474330014224,-0.116127800070453,1.42321797433031,1.51673770150134,0.514157386876287,0.939288680282905,-0.599656458811736
CHOYP_RCOM_1886900.1.1.m.11248,5,darkslategray1,2.31757384414118,1.72693341324376,0.549317438389402,-0.510424966197149,-0.510424966197149,-0.510424966197149,-0.510424966197149,-0.510424966197149,-0.510424966197149,-0.510424966197149,-0.510424966197149,-0.510424966197149
CHOYP_RFOX2.1.2.m.24118,5,darkslategray1,2.60949282959619,1.13507474150412,-0.503555077696053,-0.503555077696053,0.787428128164168,-0.503555077696053,-0.503555077696053,-0.503555077696053,-0.503555077696053,-0.503555077696053,-0.503555077696053,-0.503555077696053
CHOYP_RHO1.3.3.m.44338,3,gray50,0.154901748591382,0.552923940282772,0.444459023552034,0.719525536448541,-1.75646995088504,-1.75646995088504,-0.570831929301791,0.0431676048150191,0.403194333771286,1.04937020569982,-0.625932543559397,1.34216198147041
CHOYP_RL8.10.10.m.65636,2,green,-0.0563794793153118,-1.01090310276549,0.780849787292745,0.551735010871857,1.03749017927782,0.128525252071512,0.822354323104688,-1.01090310276549,-1.01090310276549,-1.01090310276549,-1.01090310276549,1.78994044052416
CHOYP_RLA1.5.12.m.15482,2,green,-0.832932325310237,-0.832932325310237,1.45113869768471,0.175035868219715,0.42686849811533,2.01965182428155,0.539818869194712,0.385080194365403,-0.832932325310237,-0.832932325310237,-0.832932325310237,-0.832932325310237
CHOYP_ROA3.2.2.m.11068,2,green,0.962673226563717,-0.764573188130011,-0.764573188130011,1.95469988735667,1.03468952932047,0.465569714572417,-0.764573188130011,-0.764573188130011,-0.764573188130011,-0.764573188130011,-0.764573188130011,0.934379959096811
CHOYP_RS26.14.15.m.57342,1,black,-0.306169934654728,-0.306169934654728,-0.306169934654728,-0.306169934654728,-0.306169934654728,-0.306169934654728,-0.306169934654728,-0.306169934654728,-0.108601190096645,3.17030053664393,-0.306169934654728,-0.306169934654728
CHOYP_SCE4070.1.1.m.29642,1,black,-1.12081101927538,-1.12081101927538,-0.280392003743189,-0.799462073756856,-0.821286789438156,1.37199802648638,-0.528707098007506,0.111687338853353,0.150798213619529,0.492283586446893,0.430309049308668,2.11439378878165
CHOYP_SIP.1.1.m.5725,5,darkslategray1,0.86460728009492,0.967317793486856,0.86838573878052,1.11987571137032,0.304265388290185,1.35844829903309,-0.36593430698093,-1.02339318081499,-1.02339318081499,-1.02339318081499,-1.02339318081499,-1.02339318081499
CHOYP_SVIL.1.1.m.1136,5,darkslategray1,2.3488921148255,-0.0179892815399403,0.66437115089175,-0.600049265622166,1.54976335029161,-0.600049265622166,-0.600049265622166,-0.344692475113759,-0.600049265622166,-0.600049265622166,-0.600049265622166,-0.600049265622166
CHOYP_SYWC.5.5.m.54889,1,black,-1.04035786331426,-1.04035786331426,-1.04035786331426,-0.0171154736881504,-1.04035786331426,-0.12039513205779,0.105520274149806,0.15570338362144,0.190617475532602,2.08192916825196,1.47070844908152,0.294463308365666
CHOYP_SYYC.2.2.m.58390,3,gray50,-0.552334075673147,-0.552334075673147,-0.552334075673147,-0.552334075673147,-0.552334075673147,-0.552334075673147,-0.552334075673147,1.6558713787838,1.56436743551563,1.75076786675889,-0.552334075673147,-0.552334075673147
CHOYP_TBA.3.6.m.29936,5,darkslategray1,2.89224476431555,0.908195700168725,0.193706264198838,-0.443794080964791,-0.443794080964791,-0.443794080964791,-0.443794080964791,-0.443794080964791,-0.443794080964791,-0.443794080964791,-0.443794080964791,-0.443794080964791
CHOYP_TBA1A.2.4.m.19573,5,darkslategray1,2.06080236403525,-0.427932286214612,2.21852049811087,-0.427932286214612,-0.427932286214612,-0.427932286214612,-0.427932286214612,-0.427932286214612,-0.427932286214612,-0.427932286214612,-0.427932286214612,-0.427932286214612
CHOYP_TEMPT.3.3.m.40304,2,green,-1.0425934010164,-1.0425934010164,0.362693420452638,0.553048817960407,1.87631703038543,0.70581463280424,0.453110866380085,-1.0425934010164,-1.0425934010164,-1.0425934010164,0.862547325003436,0.399434912095773
CHOYP_TENX.1.2.m.12929,1,black,-0.895182395160845,-0.895182395160845,-0.895182395160845,-0.895182395160845,0.280823589852129,-0.623251371341017,1.93240346333347,1.28042867711316,0.116633003549244,-0.649719650089578,1.23196554958475,0.0114463186412274
CHOYP_TF2AA.1.1.m.50726,2,green,-0.306428421332868,-0.970353459349825,-0.290701804068658,1.32355749873903,1.15333659731014,0.71522422407463,-0.246582579136506,-0.970353459349825,-0.970353459349825,-0.970353459349825,1.82145796649429,-0.28844964468076
CHOYP_THTR.1.1.m.25924,4,purple,-0.136473151036597,1.23979903352683,-0.10780237340876,1.4507650531372,1.24759928164386,0.197305604281946,-0.0273894508818066,-1.36687620430602,-1.36687620430602,-1.36687620430602,0.34050977556668,-0.10368515991129
CHOYP_TMO_0856.1.3.m.5045,3,gray50,-0.29112951046429,-0.262181420913177,-0.280308240265685,-0.749174332945746,-0.749174332945746,-0.749174332945746,0.227361878589107,-0.242767490127355,-0.235056739225926,1.91664796402014,-0.749174332945746,2.16413089017017
CHOYP_TPM.15.19.m.50851,3,gray50,1.19773188116394,0.754237682146362,0.343764094076855,-1.39584337985926,0.567980484837108,-1.39584337985926,-0.221561248689049,0.214077939577381,1.60367022255208,-0.194846181919699,-1.39584337985926,-0.0775247341672091
CHOYP_TPM.17.19.m.63919,1,black,-1.12944060514829,-1.12944060514829,0.411743444298517,-1.12944060514829,0.394085850080759,-0.257736464670618,0.223961232003898,1.53659824419606,0.30180603997329,1.72336210335935,0.183941971351908,-1.12944060514829
CHOYP_TSP_09282.1.1.m.18814,5,darkslategray1,2.09416120598419,1.64254349932985,-0.754737660545868,0.535409183177976,-0.754737660545868,-0.0456006724620808,0.437703658219823,-0.135790910974545,-0.754737660545868,-0.754737660545868,-0.754737660545868,-0.754737660545868
CHOYP_TVAG_268110.13.13.m.65590,3,gray50,-0.532739913874341,-0.532739913874341,-0.532739913874341,-0.532739913874341,-0.532739913874341,-0.532739913874341,-0.532739913874341,1.01566222781782,1.51955610800422,2.25944088904704,-0.532739913874341,-0.532739913874341
CHOYP_TVAG_355490.15.22.m.47579,5,darkslategray1,1.35278380170577,0.0557541487472476,0.889009662321826,-0.196849366790591,-0.390832465643877,-0.127964831739187,-0.58849908569234,-0.927127608996365,-1.03464878607309,-1.03464878607309,2.18804239797408,-0.185019079740389
CHOYP_TXND3.2.4.m.21415,5,darkslategray1,3.08254495474365,-0.356155414790828,-0.356155414790828,-0.356155414790828,-0.356155414790828,-0.356155414790828,-0.356155414790828,-0.356155414790828,0.479009193164631,-0.356155414790828,-0.356155414790828,-0.356155414790828
CHOYP_U728.1.1.m.63184,5,darkslategray1,2.19357758647849,0.6650309034441,-0.209422233786795,-0.0996620932723961,0.670075790678729,0.993264443199789,-1.02646834472168,-1.02646834472168,-1.02646834472168,-1.02646834472168,0.0812499094205521,-0.188240927275753
CHOYP_USP2.1.1.m.44411,2,green,-1.07142468420429,-1.07142468420429,-1.07142468420429,0.515577154168196,0.399993212941363,1.57314381229522,0.453180968877126,0.454517676364186,-1.07142468420429,-1.07142468420429,0.867444771934979,1.0932658244404
CHOYP_VOLCADRAFT_89567.1.1.m.27272,5,darkslategray1,2.75529861170022,0.897064113200379,0.473892062832442,-0.388557110943739,0.162797466998777,-0.583099466357524,-0.401898345642937,-0.583099466357524,-0.583099466357524,-0.583099466357524,-0.583099466357524,-0.583099466357524
CHOYP_XPF.1.1.m.14801,4,purple,-1.03178969761146,1.97531049270372,0.420727887650812,0.615854061708146,0.505198781523668,0.754586767068819,0.46178615075549,-1.03178969761146,-1.03178969761146,-1.03178969761146,-1.03178969761146,0.425484346646666
CHOYP_YBOXH.2.4.m.3352,5,darkslategray1,1.82123347588185,1.01650699373459,0.928076025709392,0.13523484012779,1.07429788529237,0.251283935034917,-0.871105525963487,-0.871105525963487,-0.871105525963487,-0.871105525963487,-0.871105525963487,-0.871105525963487
