proteinID,ClusterID,ClusterColor,21_23,23_23,25_23,27_23,29_23,31_23,21_29,23_29,25_29,27_29,29_29,31_29
CHOYP_ACT.23.27.m.58454,2,black,-0.146558327065068,-0.396810341181584,0.50245708520489,-0.51823441395543,1.05338720683434,1.20758368553884,-1.55792352156979,-0.484618588970581,1.06002775759993,-0.344809970258193,1.18342294939242,-1.55792352156979
CHOYP_ACT.5.27.m.15585,1,darkslategray1,3.17542648054294,-0.288675134594813,-0.288675134594813,-0.288675134594813,-0.288675134594813,-0.288675134594813,-0.288675134594813,-0.288675134594813,-0.288675134594813,-0.288675134594813,-0.288675134594813,-0.288675134594813
CHOYP_ACT.6.27.m.15622,1,darkslategray1,-0.424488754419684,-0.424488754419684,1.8153950444724,-0.424488754419684,-0.424488754419684,2.42949249972444,-0.424488754419684,-0.424488754419684,-0.424488754419684,-0.424488754419684,-0.424488754419684,-0.424488754419684
CHOYP_ADD.2.5.m.15081,1,darkslategray1,1.58413203202239,1.49648535147422,0.149203442439247,-0.0607878422201842,0.205995950950965,-1.17230018058059,-1.17230018058059,0.338217954887484,0.705785268755049,-1.17230018058059,-1.17230018058059,0.270168564013188
CHOYP_ADD.3.5.m.17639,2,black,-1.75112458858173,-1.75112458858173,-0.545886237738351,0.465135748836383,0.588615408947266,0.876686769655662,0.6070312036332,-0.522945761994171,-0.522866494380934,0.910071289035712,1.08666881948664,0.559738431682061
CHOYP_AMACR.1.1.m.21950,1,darkslategray1,1.02421997269531,0.214929956617298,1.18863952110359,0.313171369498677,1.33928416973434,-0.278475230094518,-0.547408167027552,-1.38489276520338,0.628880349080481,-1.38489276520338,-1.38489276520338,0.27143635400253
CHOYP_AN13B.1.1.m.15287,1,darkslategray1,-0.275831699341157,2.0260837347235,-0.243780987041397,1.37136474426131,-0.159976255700218,0.0174410752268735,-1.0038907760084,0.673386049219658,-1.0038907760084,0.606876442685045,-1.0038907760084,-1.0038907760084
CHOYP_ANK3.7.9.m.43272,1,darkslategray1,-0.0319633943096604,-0.0241426469865235,-0.437578633476831,3.10324907557874,0.125828003681949,-0.437578633476831,-0.109920603626689,-0.437578633476831,-0.437578633476831,-0.437578633476831,-0.437578633476831,-0.437578633476831
CHOYP_ANM12.1.1.m.53881,1,darkslategray1,-0.509107139571151,0.978693663756876,2.58191361688682,1.02135697549666,-0.509107139571151,-0.509107139571151,-0.509107139571151,-0.509107139571151,-0.509107139571151,-0.509107139571151,-0.509107139571151,-0.509107139571151
CHOYP_ANT_25430.1.2.m.613,1,darkslategray1,0.816191290644525,2.4375145368119,0.899281601875797,0.0655927796592745,-0.76434836088811,-0.76434836088811,-0.76434836088811,0.1269986440135,0.240511312323661,-0.76434836088811,-0.76434836088811,-0.76434836088811
CHOYP_AOF.1.1.m.7109,1,darkslategray1,0.0955792140528447,0.963141781230422,-0.693139904598424,-0.693139904598424,2.06162335004849,1.55521989056079,-0.693139904598424,-0.693139904598424,-0.693139904598424,0.176415096296425,-0.693139904598424,-0.693139904598424
CHOYP_ARB_02478.1.1.m.29725,1,darkslategray1,-0.9099270909211,-0.184139688471872,1.41303922944506,2.02639548189949,0.951423515562674,0.345081684230913,-0.9099270909211,-0.711528722595674,-0.9099270909211,-0.11746928580116,-0.0830938505850272,-0.9099270909211
CHOYP_ATRP.1.1.m.22451,1,darkslategray1,1.63738621014818,1.61862125707124,1.71767746391981,-0.55263165901547,-0.55263165901547,-0.55263165901547,-0.55263165901547,-0.55263165901547,-0.55263165901547,-0.55263165901547,-0.55263165901547,-0.55263165901547
CHOYP_B3GT2.1.1.m.35771,1,darkslategray1,-0.546348395489214,-0.546348395489214,1.39054850733602,1.47913018606871,-0.546348395489214,2.0474568659982,-0.546348395489214,-0.546348395489214,-0.546348395489214,-0.546348395489214,-0.546348395489214,-0.546348395489214
CHOYP_BET1L.1.1.m.8210,1,darkslategray1,0.345961161502682,1.57570656327635,0.440097872218814,1.72235481456073,-0.872220925497081,-0.872220925497081,-0.872220925497081,0.496132286463697,0.653072854960213,-0.872220925497081,-0.872220925497081,-0.872220925497081
CHOYP_BRAFLDRAFT_106560.13.14.m.62781,1,darkslategray1,2.18097395371562,0.123572770047207,-0.493760211366916,-0.701766934294935,-0.477710961679069,0.710616312247818,1.6889377461803,-0.476000449541285,-0.449561422423937,-0.701766934294935,-0.701766934294935,-0.701766934294935
CHOYP_BRAFLDRAFT_113696.1.1.m.54166,1,darkslategray1,0.586142725021899,-0.748304140674943,0.643902701574589,2.11413617881635,-0.748304140674943,1.11876176806771,-0.748304140674943,-0.748304140674943,-0.748304140674943,-0.748304140674943,0.775185611244055,-0.748304140674943
CHOYP_BRAFLDRAFT_114350.1.1.m.14176,1,darkslategray1,1.44355651982559,0.637475216355979,-0.0937866143903635,1.59106259659028,-0.951746046956633,-0.409282110443496,0.726665542087971,0.863039084757213,-0.951746046956633,-0.951746046956633,-0.951746046956633,-0.951746046956633
CHOYP_BRAFLDRAFT_118602.3.5.m.19626,2,black,-0.554240459072949,-0.554240459072949,-0.554240459072949,-0.554240459072949,0.318571125505119,-0.554240459072949,-0.554240459072949,-0.554240459072949,-0.554240459072949,0.278238706533744,1.2107736004125,2.62634024013223
CHOYP_BRAFLDRAFT_118867.1.1.m.27944,2,black,-0.380275805921902,1.02415335434134,-0.322455488396716,0.39917462731139,0.494818423324902,-0.111829867921255,-1.04807722119939,-1.04807722119939,-1.04807722119939,-1.04807722119939,1.29752099497315,1.79120264708665
CHOYP_BRAFLDRAFT_119209.1.1.m.4850,1,darkslategray1,3.09344835636037,-0.0367260009215689,0.361700209502615,-0.379824729437935,-0.379824729437935,-0.379824729437935,-0.379824729437935,-0.379824729437935,-0.379824729437935,-0.379824729437935,-0.379824729437935,-0.379824729437935
CHOYP_BRAFLDRAFT_121667.1.2.m.12193,1,darkslategray1,1.65279575662352,0.794767186644576,1.18806082373488,1.35937614888034,-0.638729384940685,-0.795407796352142,0.416176247170232,-0.795407796352142,-0.795407796352142,-0.795407796352142,-0.795407796352142,-0.795407796352142
CHOYP_BRAFLDRAFT_122339.1.1.m.58748,1,darkslategray1,2.8327771110223,0.646360321399758,-0.470258994560855,-0.470258994560855,0.753193518625635,-0.470258994560855,-0.470258994560855,-0.470258994560855,-0.470258994560855,-0.470258994560855,-0.470258994560855,-0.470258994560855
CHOYP_BRAFLDRAFT_125862.1.1.m.27159,1,darkslategray1,1.62145062173081,-0.129726989377343,0.688955803757882,0.329963266366402,0.444272547516746,-1.06311023862886,1.0530667661275,-0.151241612504358,0.667494221304216,-0.391058386965762,-1.53503299966362,-1.53503299966362
CHOYP_BRAFLDRAFT_126750.1.1.m.40768,2,black,-0.570415478090797,-0.570415478090797,-0.0177178127263215,-0.570415478090797,-0.570415478090797,-0.570415478090797,-0.570415478090797,0.599095037929458,0.073004745309701,2.84929403855857,-0.570415478090797,0.489232337564171
CHOYP_BRAFLDRAFT_127065.5.7.m.28848,1,darkslategray1,1.94042659505298,1.00560477225628,0.849057513117227,0.229697937563388,-0.774865820910341,-0.907923976952557,0.969832219761388,0.174288973899851,-0.762346282930541,-0.907923976952557,-0.907923976952557,-0.907923976952557
CHOYP_BRAFLDRAFT_204923.2.2.m.63877,1,darkslategray1,1.38169737655162,1.37496125593775,-0.54317447625031,-0.54317447625031,-0.54317447625031,2.13191165376342,-0.54317447625031,-0.54317447625031,-0.54317447625031,-0.54317447625031,-0.54317447625031,-0.54317447625031
CHOYP_BRAFLDRAFT_205939.3.3.m.64021,1,darkslategray1,-0.547334030115555,-0.547334030115555,-0.547334030115555,1.39272877473664,1.51954487694489,2.01373261935846,-0.547334030115555,-0.547334030115555,-0.547334030115555,-0.547334030115555,-0.547334030115555,-0.547334030115555
CHOYP_BRAFLDRAFT_206907.11.11.m.60959,1,darkslategray1,0.300001325565182,-0.496559019308552,2.06940648095788,2.0996233672539,-0.496559019308552,-0.496559019308552,-0.496559019308552,-0.496559019308552,-0.496559019308552,-0.496559019308552,-0.496559019308552,-0.496559019308552
CHOYP_BRAFLDRAFT_208197.2.21.m.9816,1,darkslategray1,0.748531667028375,0.780206379739324,0.812936916207304,0.89415412828666,-0.943953815493318,1.41012707662681,-0.943953815493318,-0.943953815493318,-0.943953815493318,-0.943953815493318,1.01776672507144,-0.943953815493318
CHOYP_BRAFLDRAFT_208293.15.20.m.61604,1,darkslategray1,1.02893652379058,-0.833080688667514,1.17529502367557,0.115636015944117,0.209456934784386,0.431394878669752,-0.833080688667514,-0.833080688667514,-0.833080688667514,-0.833080688667514,-0.833080688667514,2.03776475514069
CHOYP_BRAFLDRAFT_208436.28.32.m.61328,2,black,-0.345715371109292,0.419246068193566,-1.04877396755005,-1.04877396755005,-1.04877396755005,-0.557122145565306,0.871473272016727,-0.63917076189636,-0.603275782324108,0.951044948986844,1.46430806689577,1.58553360745232
CHOYP_BRAFLDRAFT_212086.4.11.m.42448,1,darkslategray1,1.14811807452851,0.455213704231829,-0.234152485731891,-0.23006749571111,-0.207390976304408,1.92223976610451,-0.975497761314376,-0.975497761314376,-0.975497761314376,1.32190705942838,-0.975497761314376,-0.273876601288311
CHOYP_BRAFLDRAFT_220356.5.6.m.38505,2,black,-0.682111977635393,-0.164896359024926,-0.682111977635393,-0.682111977635393,-0.112528958494635,-0.682111977635393,-0.143926055246451,-0.108054774942641,-0.0384520412511919,0.478102176312459,2.96882180079143,-0.150617877602476
CHOYP_BRAFLDRAFT_246447.1.1.m.30255,1,darkslategray1,2.8406272372523,0.446451122253205,-0.107868718932298,-0.101829701722891,-0.0428950876228851,-0.70018791455853,0.504859257929827,-0.70018791455853,-0.70018791455853,-0.70018791455853,-0.0384045363646082,-0.70018791455853
CHOYP_BRAFLDRAFT_249506.2.2.m.60314,1,darkslategray1,0.48423245455787,-0.0711895258166675,0.558945536914238,-0.618975993378961,0.651228508967598,2.70961497902969,-0.618975993378961,-0.618975993378961,-0.618975993378961,-0.618975993378961,-0.618975993378961,-0.618975993378961
CHOYP_BRAFLDRAFT_277091.1.3.m.1103,1,darkslategray1,0.0189059925266911,1.42778457352126,-0.666382737280008,2.26051296784657,0.101701050581902,-0.666382737280008,-0.666382737280008,-0.666382737280008,-0.666382737280008,0.855774576483631,-0.666382737280008,-0.666382737280008
CHOYP_BRAFLDRAFT_277797.1.1.m.26394,1,darkslategray1,0.222358304933192,-0.464175733502971,-0.422822125823506,2.55052721392443,0.390018019147581,0.756331863673953,-1.17117867915882,-0.390699128074217,-0.300733350723862,-0.411880823705497,0.41343311846853,-1.17117867915882
CHOYP_BRAFLDRAFT_277920.1.1.m.28845,1,darkslategray1,-0.192322386750261,0.58795749550491,0.671300871182037,2.40088792140631,0.788463272317079,-0.965071854109087,-0.151820966091535,-0.965071854109087,-0.965071854109087,-0.965071854109087,-0.0873036276552732,-0.156875163476921
CHOYP_BRAFLDRAFT_278918.4.5.m.39356,1,darkslategray1,-0.579126428112072,-0.579126428112072,0.506327651533891,2.20178179658058,1.78709214111325,0.137809835668856,-0.579126428112072,-0.579126428112072,-0.579126428112072,-0.579126428112072,-0.579126428112072,-0.579126428112072
CHOYP_BRAFLDRAFT_284774.2.3.m.15260,2,black,-0.450654111791139,-0.841483171464323,-0.841483171464323,-0.841483171464323,-0.841483171464323,-0.841483171464323,-0.430592005514506,0.510584324714351,0.157759092378202,1.32847785295831,1.89294671736296,1.19889398721344
CHOYP_BRAFLDRAFT_59154.3.3.m.53255,1,darkslategray1,0.547126199425637,2.01067336383841,-0.888040198710929,0.621968086674538,0.720076957364455,-0.888040198710929,-0.888040198710929,0.732081963222562,-0.888040198710929,0.696314621739974,-0.888040198710929,-0.888040198710929
CHOYP_BRAFLDRAFT_80064.1.1.m.40175,1,darkslategray1,0.865266987403126,0.880773426394473,-1.23962134539361,1.00857232774815,1.13319610111789,0.219239202949374,0.984998848472021,-0.0536002831126465,-1.23962134539361,-0.079961229397935,-1.23962134539361,-1.23962134539361
CHOYP_BRAFLDRAFT_84054.1.2.m.8523,1,darkslategray1,1.74566026147048,1.76411684690629,0.649339086582918,-0.648347202059497,-0.648347202059497,1.02766142151629,-0.648347202059497,-0.648347202059497,-0.648347202059497,-0.648347202059497,-0.648347202059497,-0.648347202059497
CHOYP_BRAFLDRAFT_85896.1.1.m.38692,1,darkslategray1,1.76313706434067,0.995699591693482,0.306422694613823,0.379983614316771,-0.411459361565294,-0.233986508279221,1.12123326525319,-1.26585383194441,-1.26585383194441,0.365848905419034,-1.26585383194441,-0.489317769959241
CHOYP_BRAFLDRAFT_88543.1.2.m.54473,1,darkslategray1,1.6654502924878,-0.266629650462832,-0.248150243122318,0.885740148978624,-0.139539666464307,1.42330459793593,-0.234101865334842,-0.130677607358229,-1.23954275300621,-1.23954275300621,-1.23954275300621,0.763232252358811
CHOYP_C10.1.2.m.23678,1,darkslategray1,0.531347208779382,1.35314785856927,1.45005401390297,0.637598982202552,-0.160953861394621,-1.03823307588279,0.620107332823155,-1.03823307588279,-1.03823307588279,-1.03823307588279,0.759863844531262,-1.03823307588279
CHOYP_CADM4.1.1.m.60661,1,darkslategray1,-0.622655852234317,0.795232064845132,0.880971962088878,2.36954230085179,0.935500490088738,-0.622655852234317,-0.622655852234317,-0.622655852234317,-0.622655852234317,-0.622655852234317,-0.622655852234317,-0.622655852234317
CHOYP_CALM.37.50.m.52385,1,darkslategray1,-0.369284220682699,0.659460728909291,-0.369284220682699,3.0333814779177,-0.369284220682699,-0.369284220682699,-0.369284220682699,-0.369284220682699,-0.369284220682699,-0.369284220682699,-0.369284220682699,-0.369284220682699
CHOYP_CASP7.5.23.m.12847,1,darkslategray1,-0.799134453885569,0.933817231457066,0.966199872850926,-0.799134453885569,1.15608761296152,1.55812969127901,-0.799134453885569,-0.799134453885569,-0.799134453885569,-0.799134453885569,-0.799134453885569,0.979706768650459
CHOYP_CBR.LIN.24.1.1.m.5076,1,darkslategray1,1.35809096583534,0.816289226245269,-0.442324872591633,-0.840338007636079,0.209559414618154,1.75689920213012,1.10205796974752,-0.624408255658226,-0.809349845833861,-1.03573543909061,-0.827424108243405,-0.66331624952259
CHOYP_CCBL1.1.1.m.30637,1,darkslategray1,3.04860953655326,-0.0235433755969176,0.00160806875761444,0.0055892098565628,0.0622970520395232,-0.568971415391359,-0.285619552292978,-0.568971415391359,-0.568971415391359,0.0359161376397276,-0.568971415391359,-0.568971415391359
CHOYP_CCD43.1.1.m.63636,1,darkslategray1,-0.31166068915378,0.809123692544563,0.925642393496277,0.943389341089286,1.08950195862325,0.118191536850658,-0.249299560724307,1.10872977733991,-1.41044355701496,-0.202287779020972,-1.41044355701496,-1.41044355701496
CHOYP_CELE_F01D5.5.1.1.m.4265,2,black,-0.672304998879592,-0.672304998879592,-0.672304998879592,-0.672304998879592,-0.0355452914769475,0.501116278529066,-0.672304998879592,-0.672304998879592,-0.316106958335765,-0.0551349447389428,2.26373834564908,1.67576256365106
CHOYP_CELF4.1.1.m.22429,1,darkslategray1,0.923493849426256,0.964567939443353,0.997563917959357,-0.797703154179746,-0.797703154179746,1.60106098641026,-0.797703154179746,-0.797703154179746,-0.797703154179746,1.097235386019,-0.797703154179746,-0.797703154179746
CHOYP_CI064.1.1.m.9517,1,darkslategray1,0.335866644316694,1.43106144142892,1.54687313858447,0.387811062155765,-0.748786598440506,-0.748786598440506,1.53989390259769,-0.748786598440506,-0.748786598440506,-0.748786598440506,-0.748786598440506,-0.748786598440506
CHOYP_CLK2.1.1.m.3081,2,black,-1.04305502021683,-0.526669920437733,-0.493101873858088,-0.489885773586984,-1.04305502021683,-1.04305502021683,0.635615317121374,1.43079610915178,1.6941143188484,-0.484257598112552,0.185495283344808,1.17705919817949
CHOYP_CNOT1.1.1.m.12106,2,black,1.09838994357428,-1.1605346826882,-1.1605346826882,-1.1605346826882,0.679466566913222,0.394793686493149,1.22336017479196,-0.455542881977893,-0.208471593173241,0.625885299968585,1.28425753416273,-1.1605346826882
CHOYP_contig_000189.m.198,2,black,-0.55065897687802,-0.55065897687802,-0.55065897687802,-0.55065897687802,-0.55065897687802,-0.55065897687802,1.47558730824256,1.60375522105545,1.87658826260417,-0.55065897687802,-0.55065897687802,-0.55065897687802
CHOYP_contig_001317.m.1351,1,darkslategray1,-0.10561795802345,1.23952002410687,2.03908497429021,-0.0508232575234529,-0.765226757437748,0.14329350322329,1.32590325855302,-0.765226757437748,-0.765226757437748,-0.765226757437748,-0.765226757437748,-0.765226757437748
CHOYP_contig_002417.m.2661,2,black,-0.708099885009125,-0.708099885009125,-0.708099885009125,0.591900835651783,-0.708099885009125,-0.708099885009125,-0.708099885009125,-0.708099885009125,2.42248571857061,0.656625505565985,0.725685147054054,0.560001988221447
CHOYP_contig_004869.m.5573,1,darkslategray1,-0.470222316345424,1.16222649646492,0.0851139999270719,-0.0352121467001491,-0.492040750140445,0.181595388614367,1.47178753293152,-0.483450599476493,-1.60398498113303,0.880736681843191,-1.60398498113303,0.907435675147498
CHOYP_contig_005029.m.5761,1,darkslategray1,0.117274381355227,0.500030235418023,2.52935316756391,0.602412164324273,-0.569319681653018,0.0317415806912775,-0.602242477319954,-0.991845597650286,-0.991845597650286,-0.183942031492406,-0.991845597650286,0.550229454063524
CHOYP_contig_005396.m.6126,2,black,-0.745460212857049,-0.745460212857049,0.690895763711401,-0.745460212857049,-0.745460212857049,-0.745460212857049,-0.745460212857049,-0.745460212857049,0.941707986186863,2.17659359215013,0.792938369905859,0.616085778045089
CHOYP_contig_006214.m.7057,1,darkslategray1,0.73462391844999,0.773694838211711,-0.944973944370344,0.822233811005952,0.989357976460711,1.38458404341453,-0.944973944370344,-0.944973944370344,-0.944973944370344,-0.944973944370344,0.965349078679165,-0.944973944370344
CHOYP_contig_007858.m.9121,1,darkslategray1,1.36433158966546,-0.54444289499067,1.4358554932668,-0.54444289499067,-0.54444289499067,2.09979897198377,-0.54444289499067,-0.54444289499067,-0.54444289499067,-0.54444289499067,-0.54444289499067,-0.54444289499067
CHOYP_contig_008452.m.9831,1,darkslategray1,2.94606494788938,-0.0552186741261973,-0.0190406066042447,-0.0146487319430061,0.351084630471634,-0.131747090098279,-0.308465146779865,0.0464532242814752,-0.530501860122107,-0.860372821006071,-0.56323505095665,-0.860372821006071
CHOYP_contig_009176.m.10652,2,black,-0.66293384285167,-0.294125176345312,-0.798625294844519,-0.798625294844519,1.49473708851819,-0.798625294844519,-0.798625294844519,-0.481069349259571,-0.454390670825055,0.869411524238222,1.98903870306552,0.733832902837751
CHOYP_contig_010154.m.11827,2,black,-1.34446435775661,0.501204030584202,0.596983779036796,-1.34446435775661,-1.34446435775661,-1.34446435775661,0.59120493758787,0.747467582824504,0.966188500932667,0.667967359233278,0.753965530480718,0.552875710346415
CHOYP_contig_013837.m.15768,1,darkslategray1,-0.355430545257538,-0.355430545257538,0.469454815859639,-0.355430545257538,3.08485063671574,-0.355430545257538,-0.355430545257538,-0.355430545257538,-0.355430545257538,-0.355430545257538,-0.355430545257538,-0.355430545257538
CHOYP_contig_014205.m.16198,1,darkslategray1,0.449988972435775,1.66991028083517,1.79953090409308,0.514427421620955,-0.74549566108713,-0.74549566108713,-0.74549566108713,-0.74549566108713,0.784612048624932,-0.74549566108713,-0.74549566108713,-0.74549566108713
CHOYP_contig_016120.m.18916,2,black,1.08696339763541,-0.718337618189856,-0.718337618189856,-0.718337618189856,-0.718337618189856,-0.718337618189856,0.238964750580075,0.3290458347227,-0.718337618189856,1.26765118491676,-0.718337618189856,2.10573815947405
CHOYP_contig_016292.m.19158,2,black,-1.11307560880733,-1.11307560880733,-1.11307560880733,-0.0158506229879704,-1.11307560880733,1.80081170895935,-0.0115874374462488,1.28124836404326,0.20662817598001,0.040066508303447,0.0997511058875488,1.05123463248992
CHOYP_contig_016375.m.19279,1,darkslategray1,-0.592721041188028,-0.592721041188028,1.99975930276057,1.9677023060863,0.290227988311138,0.484078732346215,-0.592721041188028,-0.592721041188028,-0.592721041188028,-0.592721041188028,-0.592721041188028,-0.592721041188028
CHOYP_contig_016559.m.19503,1,darkslategray1,-0.302307071419552,0.896885220727689,1.40825317073406,2.27137659764945,-0.692865325149252,-0.692865325149252,0.134699383400093,-0.251715350196229,-0.692865325149252,-0.692865325149252,-0.692865325149252,-0.692865325149252
CHOYP_contig_016854.m.19834,2,black,-0.682238592828237,-0.682238592828237,-0.682238592828237,-0.682238592828237,-0.682238592828237,1.28300193827498,0.0689666284587907,-0.682238592828237,0.209336157085155,-0.682238592828237,0.943439925757374,2.27092550022136
CHOYP_contig_023897.m.27203,1,darkslategray1,2.87636255490158,-0.243759664638806,-0.223348038068294,-0.22136177657171,-0.199673586432608,-0.594171900708036,0.865734762790034,-0.594171900708036,-0.594171900708036,-0.594171900708036,-0.594171900708036,0.116905251559981
CHOYP_contig_025759.m.29400,1,darkslategray1,1.28056467845693,0.573610123662435,1.0378680174699,0.699032435521948,0.00392146370506917,-1.15215654008151,1.41864009010976,-0.376973796276311,-1.15215654008151,-0.0280368523236773,-1.15215654008151,-1.15215654008151
CHOYP_contig_025862.m.29523,1,darkslategray1,3.11023500004779,0.354734724862483,-0.346496972491027,-0.346496972491027,-0.346496972491027,-0.346496972491027,-0.346496972491027,-0.346496972491027,-0.346496972491027,-0.346496972491027,-0.346496972491027,-0.346496972491027
CHOYP_contig_033740.m.38360,2,black,-0.95706233572151,-0.95706233572151,-0.95706233572151,-0.95706233572151,1.13161254113971,0.309596437848641,0.010660872530254,-0.95706233572151,-0.376244514550476,1.06768408520218,1.68981725712774,0.952184999309489
CHOYP_contig_035697.m.40446,1,darkslategray1,-0.403726618583876,-0.403726618583876,2.79975057665974,1.23751560917902,-0.403726618583876,-0.403726618583876,-0.403726618583876,-0.403726618583876,-0.403726618583876,-0.403726618583876,-0.403726618583876,-0.403726618583876
CHOYP_contig_035889.m.40603,1,darkslategray1,0.858603231188481,0.842407885848487,0.432961518767637,0.947094652043293,0.0119094984718603,-1.0451821913084,0.461557794372128,-1.0451821913084,-1.0451821913084,-1.0451821913084,1.67137637585009,-1.0451821913084
CHOYP_contig_037467.m.42206,1,darkslategray1,-0.160280342402974,2.26453748086624,-0.131212505196454,-0.0945015103851453,-0.0446645470556694,1.22611097260382,-0.120038298171908,0.846336923196243,-0.946572043363538,-0.946572043363538,-0.946572043363538,-0.946572043363538
CHOYP_contig_038550.m.43669,2,black,-0.639709659823793,-0.639709659823793,-0.639709659823793,-0.639709659823793,-0.639709659823793,-0.639709659823793,0.388944649420059,-0.639709659823793,1.85005277393536,1.50567373460499,-0.639709659823793,1.37300612062994
CHOYP_contig_039208.m.44410,2,black,-0.472330124124454,-0.472330124124454,-0.472330124124454,-0.472330124124454,-0.472330124124454,-0.472330124124454,-0.472330124124454,0.746544660720619,-0.472330124124454,0.681160717816958,-0.472330124124454,2.82326573858251
CHOYP_contig_040238.m.45604,1,darkslategray1,-0.538274434469504,1.00001302893212,-0.538274434469504,-0.538274434469504,1.88762147117014,1.95683541012327,-0.538274434469504,-0.538274434469504,-0.538274434469504,-0.538274434469504,-0.538274434469504,-0.538274434469504
CHOYP_contig_041288.m.47081,2,black,-0.691151641966934,-0.691151641966934,1.48357577511657,-0.691151641966934,-0.691151641966934,-0.691151641966934,1.44253072494341,0.0753108288460603,1.83537477083665,-0.691151641966934,-0.691151641966934,0.00126939402584562
CHOYP_contig_043280.m.49983,2,black,-0.733140694685491,-0.334177543863724,-0.733140694685491,-0.733140694685491,-0.733140694685491,-0.733140694685491,0.782358989899172,0.886699261636943,-0.733140694685491,0.388850571238732,0.211565041758382,2.46354784744344
CHOYP_contig_043576.m.50359,2,black,-0.541265961407791,-0.541265961407791,-0.541265961407791,-0.541265961407791,-0.541265961407791,-0.541265961407791,-0.541265961407791,-0.541265961407791,-0.541265961407791,1.0901082626803,2.00440737877819,1.77687801121163
CHOYP_contig_044078.m.50900,2,black,-0.730395815071493,-0.730395815071493,-0.730395815071493,-0.730395815071493,-0.730395815071493,-0.423301060185158,0.397473143135057,-0.0941798789385352,1.67170190807773,0.844319776849431,-0.730395815071493,1.98636100149043
CHOYP_contig_044803.m.51967,1,darkslategray1,0.277173497040309,-0.631573390428843,-0.631573390428843,-0.631573390428843,1.43333397910776,1.88656336353984,-0.631573390428843,-0.631573390428843,-0.631573390428843,-0.631573390428843,1.45551628374284,-0.631573390428843
CHOYP_contig_048805.m.57897,1,darkslategray1,2.1701875133613,1.22753749440013,-0.149105052237891,-0.653187389312604,-0.653187389312604,-0.0084336205426803,1.33212539020738,-0.653187389312604,-0.653187389312604,-0.653187389312604,-0.653187389312604,-0.653187389312604
CHOYP_contig_049548.m.58834,2,black,-0.89512295861195,-0.89512295861195,-0.89512295861195,-0.89512295861195,-0.89512295861195,0.951457582156512,1.91606583353163,0.646937398063204,0.795182315344212,0.563301807509073,-0.89512295861195,0.497792815067072
CHOYP_contig_049586.m.58876,1,darkslategray1,0.247817700468552,0.239307148529329,-0.74684594950615,-0.74684594950615,2.61975970296842,0.625399994244263,-0.74684594950615,0.370206640048872,-0.74684594950615,-0.74684594950615,0.378584510777462,-0.74684594950615
CHOYP_contig_051499.m.61590,1,darkslategray1,-0.669779750483912,1.02992486229924,1.14028916502124,-0.0369868492558592,1.94943955687298,-0.454541841173908,-1.22904449894859,-1.22904449894859,-0.52002396189367,-0.617166039319245,0.710154057855853,-0.0732202020255492
CHOYP_contig_053912.m.64506,1,darkslategray1,-0.670133631254493,-0.670133631254493,1.13399933144468,1.21568369168221,1.27191629666827,1.73946973024079,-0.670133631254493,-0.670133631254493,-0.670133631254493,-0.670133631254493,-0.670133631254493,-0.670133631254493
CHOYP_contig_055225.m.65857,1,darkslategray1,-0.520060422862877,2.38270053165512,-0.520060422862877,1.50143456547611,-0.520060422862877,0.79640870863466,-0.520060422862877,-0.520060422862877,-0.520060422862877,-0.520060422862877,-0.520060422862877,-0.520060422862877
CHOYP_contig_055335.m.66005,1,darkslategray1,-0.54641594822773,-0.54641594822773,1.39203694388056,1.48019080147014,-0.54641594822773,2.04551578869887,-0.54641594822773,-0.54641594822773,-0.54641594822773,-0.54641594822773,-0.54641594822773,-0.54641594822773
CHOYP_COQ9.1.2.m.4620,1,darkslategray1,1.93377511603967,0.43673641950733,0.504363757032532,0.519515134429211,0.66753676936777,-1.04231588353552,-1.04231588353552,0.633685550723145,-1.04231588353552,-1.04231588353552,-1.04231588353552,0.515966670577944
CHOYP_CP3AB.4.4.m.47872,1,darkslategray1,0.417646950894985,2.64302093321497,0.510214227084523,-0.658672378783831,0.55254781955025,-0.658672378783831,0.487276720742089,-0.658672378783831,-0.658672378783831,-0.658672378783831,-0.658672378783831,-0.658672378783831
CHOYP_DANA_GF15955.1.1.m.44178,1,darkslategray1,-0.389426495948623,-0.389426495948623,0.177480995124147,3.08985713702752,0.237500331385943,-0.389426495948623,-0.389426495948623,-0.389426495948623,-0.389426495948623,-0.389426495948623,-0.389426495948623,-0.389426495948623
CHOYP_DCDC2.7.7.m.46807,1,darkslategray1,-0.119249660981238,1.90714801158293,0.989691392382553,0.695357465205604,-1.08379198323,-0.199039133715952,0.981515449960971,-1.08379198323,-0.260931661622321,0.340676070107467,-1.08379198323,-1.08379198323
CHOYP_DDX47.1.1.m.11144,1,darkslategray1,0.884209638274591,1.72710473897017,0.0927356637805517,1.85346981928652,0.150925680049344,-0.792306061808937,-0.792306061808937,-0.792306061808937,-0.792306061808937,-0.792306061808937,-0.792306061808937,0.0453908304924466
CHOYP_DDX58.9.9.m.62758,1,darkslategray1,2.39455983778197,0.314425203376929,0.860534597127527,-0.0116851803692457,-0.408985470241175,-0.199207225490791,-0.034140931241604,-1.33825819545558,-0.302393926319703,-1.33825819545558,0.552820343643351,-0.489410857356089
CHOYP_DMOJ_GI18492.1.1.m.8903,2,black,-0.854919504515411,-0.854919504515411,-0.854919504515411,-0.854919504515411,1.43933884829221,-0.854919504515411,-0.854919504515411,0.259086563697865,1.67670545520541,0.228752440019115,0.28931623102786,1.23631748885
CHOYP_DSEC_GM16292.1.1.m.12184,1,darkslategray1,0.164872952323303,-0.392560954487587,3.082940280565,0.285235357499976,-0.392560954487587,-0.392560954487587,-0.392560954487587,-0.392560954487587,-0.392560954487587,-0.392560954487587,-0.392560954487587,-0.392560954487587
CHOYP_DSIM_GD24875.1.1.m.66201,2,black,0.534189812148005,0.623798234006967,-0.307062514186316,-0.555059015602889,-0.891162630067451,-0.891162630067451,2.2051275628412,1.45650775936303,-0.196066760410771,-0.63224246420471,-0.620535288426217,-0.726332065393393
CHOYP_EHHADH.1.1.m.26459,1,darkslategray1,-0.19141626979601,0.553547979618704,0.635306517723905,0.729124307388484,-0.928943095341504,2.22399338064532,0.67870919844642,-0.928943095341504,0.0154503626806993,-0.928943095341504,-0.928943095341504,-0.928943095341504
CHOYP_EPDR2.1.1.m.33988,2,black,-1.3624591986028,-1.3624591986028,0.664852689296398,-0.0176604930998448,0.802011826658895,-1.3624591986028,-0.699058862675477,0.0766526715238393,1.04025971323257,1.43018407745491,0.848536681705725,-0.058400708288615
CHOYP_EPN4.1.3.m.10807,1,darkslategray1,0.239850847582596,0.790449395652503,0.423582116193111,0.689399430133326,0.563160140334223,1.03470349717743,0.422461047408695,-1.40513405573773,-0.536950610390603,-1.57606728247305,-1.57606728247305,0.930612756592558
CHOYP_EXOS3.1.1.m.10596,1,darkslategray1,0.446019210390218,1.7730902832551,1.23936515880473,0.534692943204824,-0.849335452787837,-0.849335452787837,1.22184676292845,-0.11900164185629,-0.849335452787837,-0.849335452787837,-0.849335452787837,-0.849335452787837
CHOYP_F10A1.4.4.m.44752,2,black,0.331020328522146,0.625069333492933,-1.57103671341048,-0.313742623181896,0.816209288870767,-1.57103671341048,1.18470965755692,-0.461175179243648,-1.21643668243739,0.827452122425885,0.441784041180597,0.907183139634636
CHOYP_FABP6.2.2.m.59518,2,black,-0.535796285997254,0.0586821795282426,-0.0773158678000824,0.140514765096211,-0.923244402954533,1.50886421378638,-0.305571836178779,0.864968662116423,2.03863178126699,-0.923244402954533,-0.923244402954533,-0.923244402954533
CHOYP_FEN1.1.1.m.66181,1,darkslategray1,-0.417421978027915,2.02712683070816,-0.392207812569019,0.252677249606871,1.0112087676917,1.4690619000655,-1.00300108751745,-0.32092889299383,-0.262246308421976,-0.35826649350713,-1.00300108751745,-1.00300108751745
CHOYP_FMRF.2.4.m.37051,2,black,-0.551416555646868,-0.551416555646868,-0.551416555646868,-0.551416555646868,-0.551416555646868,-0.551416555646868,-0.551416555646868,-0.551416555646868,1.831871995609,1.50839632415384,1.62248068105898,-0.551416555646868
CHOYP_GOPC.1.1.m.45489,1,darkslategray1,-0.298077762235261,0.764748413699132,-0.258175794327189,0.895585362844513,-0.173089328480662,1.57802221114463,0.87143665413419,-1.35052753989569,-1.35052753989569,-1.35052753989569,-0.15488346605452,0.826016328962236
CHOYP_GPX1.1.4.m.11300,2,black,-1.32635659911912,-1.32635659911912,0.716308561851304,-0.279795936052017,-0.248901156330479,-1.32635659911912,-0.311022489610771,0.875268042738153,-0.11605891190926,0.791289449062082,0.882129125691776,1.66985311191658
CHOYP_GSTO1.1.2.m.14745,1,darkslategray1,-0.585360538284455,-0.585360538284455,0.661047549340197,0.66776389493994,0.741346990506606,2.6127258714889,-0.585360538284455,-0.585360538284455,-0.585360538284455,-0.585360538284455,-0.585360538284455,-0.585360538284455
CHOYP_IMSP5.2.2.m.17779,2,black,-0.675288189556909,-0.469422081269315,-0.675288189556909,-0.675288189556909,-0.675288189556909,0.763805903486283,-0.675288189556909,-0.435458176607335,0.112560383255274,-0.447178954150515,1.70876255539433,2.14337131767582
CHOYP_ISCW_ISCW000210.4.4.m.38490,2,black,-0.501826004728378,-0.501826004728378,-0.501826004728378,-0.501826004728378,-0.501826004728378,-0.501826004728378,-0.501826004728378,-0.501826004728378,-0.501826004728378,0.828609574539832,2.63350626524756,1.05431820276801
CHOYP_ISCW_ISCW008316.1.3.m.11997,2,black,-0.552168308002693,-0.552168308002693,-0.552168308002693,-0.552168308002693,-0.552168308002693,-0.552168308002693,-0.552168308002693,-0.552168308002693,-0.552168308002693,1.65579442556198,1.76632475594148,1.54739559052078
CHOYP_ISCW_ISCW013795.1.1.m.12153,1,darkslategray1,1.64912729463194,1.18637565837915,0.281673945854481,1.82008111611515,-0.7506283901953,-0.7506283901953,-0.7506283901953,-0.7506283901953,-0.160874258340168,-0.7506283901953,-0.7506283901953,-0.272613415468757
CHOYP_KCP.7.13.m.40006,1,darkslategray1,-0.746171915480529,0.438279486524738,1.71429003599604,1.73302350190136,-0.746171915480529,0.860823217500324,0.476787166441232,-0.746171915480529,-0.746171915480529,-0.746171915480529,-0.746171915480529,-0.746171915480529
CHOYP_KPYK.2.4.m.19753,2,black,-0.951948458076742,-0.951948458076742,-0.951948458076742,0.729423965531337,-0.348625158167098,-0.951948458076742,-0.951948458076742,1.46618135081402,1.71894760060795,0.786433797479787,0.272412951533684,0.134967782584032
CHOYP_LARP7.1.1.m.35019,1,darkslategray1,0.202663375090516,-0.663602536791973,-0.663602536791973,2.15286300589651,0.307543789640378,1.75999915904199,-0.663602536791973,-0.663602536791973,-0.663602536791973,-0.663602536791973,-0.663602536791973,0.222148427874416
CHOYP_LOC100005318.1.1.m.30043,1,darkslategray1,-0.548555286441123,-0.548555286441123,-0.548555286441123,1.4235272615788,1.54096075874332,1.97250955764798,-0.548555286441123,-0.548555286441123,-0.548555286441123,-0.548555286441123,-0.548555286441123,-0.548555286441123
CHOYP_LOC100119236.1.1.m.22785,1,darkslategray1,1.55627532314102,1.53812535986698,-0.551069857147207,-0.551069857147207,1.86522803131687,-0.551069857147207,-0.551069857147207,-0.551069857147207,-0.551069857147207,-0.551069857147207,-0.551069857147207,-0.551069857147207
CHOYP_LOC100119750.1.1.m.7019,1,darkslategray1,0.8635272061438,0.293736552742299,0.991307751596643,1.71744527431424,0.378514030013897,-0.984498932467946,-0.984498932467946,-0.984498932467946,-0.984498932467946,1.05188064477765,-0.984498932467946,-0.373916797248807
CHOYP_LOC100120260.1.1.m.41888,2,black,-0.339969080973735,-0.870968179617367,-0.870968179617367,1.45533750798006,-0.870968179617367,-0.870968179617367,0.276575486731016,-0.269183554421205,-0.870968179617367,0.911181248267183,0.353915671707133,1.96698361879639
CHOYP_LOC100123907.1.1.m.2987,1,darkslategray1,1.05587560104962,0.607801603126227,1.56342846572921,0.0344472061518573,-0.235498228924578,0.503732344992026,0.164209944607138,0.633333166341072,-1.45280880498831,-1.45280880498831,-1.45280880498831,0.0310963118923373
CHOYP_LOC100205674.1.1.m.5810,2,black,0.63696508205498,-0.680361457685325,-0.672161640318888,-1.12793527630196,-1.12793527630196,-1.12793527630196,0.266120850130387,1.38556754473341,1.10173399941479,-0.164459459937469,-0.108144966715217,1.61854587722922
CHOYP_LOC100222774.1.1.m.56990,1,darkslategray1,0.155112569731317,2.23844114741704,0.198332405895054,0.208819977888809,1.46396155455192,-0.165779534403912,0.188424410248322,-0.857462506265709,-0.857462506265709,-0.857462506265709,-0.857462506265709,-0.857462506265709
CHOYP_LOC100367089.1.4.m.1412,1,darkslategray1,2.3576128220462,0.567285962049622,-0.61309631977397,-0.61309631977397,0.71352539602891,-0.61309631977397,1.26634637806703,-0.61309631977397,-0.61309631977397,-0.61309631977397,-0.61309631977397,-0.61309631977397
CHOYP_LOC100367137.1.1.m.23977,1,darkslategray1,2.39827495659056,0.403907591545433,-0.619614296892101,1.50129610410314,-0.619614296892101,0.284511922890831,-0.619614296892101,-0.619614296892101,-0.619614296892101,-0.619614296892101,-0.250690496885254,-0.619614296892101
CHOYP_LOC100367535.1.2.m.4730,2,black,-0.712371010158487,-0.712371010158487,-0.712371010158487,-0.712371010158487,1.19325115703708,-0.712371010158487,-0.712371010158487,1.15574516041168,0.316037691203683,0.187798936607322,2.13376412584964,-0.712371010158487
CHOYP_LOC100367581.3.3.m.56472,1,darkslategray1,2.73960907794427,0.154244090359827,0.198909723801347,-0.188610788487146,-0.567493484060502,1.06830228480521,-0.567493484060502,-0.567493484060502,-0.567493484060502,-0.567493484060502,-0.567493484060502,-0.567493484060502
CHOYP_LOC100367637.1.1.m.55661,1,darkslategray1,1.56423344135439,0.742515489550858,-0.891216766447173,0.837415152048436,0.0169541494170617,1.36234226532312,0.82384010098918,-0.891216766447173,-0.891216766447173,-0.891216766447173,-0.891216766447173,-0.891216766447173
CHOYP_LOC100367954.2.2.m.66596,2,black,-0.457470187645452,-0.457470187645452,-0.457470187645452,-0.457470187645452,-0.457470187645452,-0.457470187645452,-0.457470187645452,0.667254615927735,-0.457470187645452,-0.457470187645452,2.89119812792935,0.558778944951977
CHOYP_LOC100368004.1.1.m.62584,1,darkslategray1,-0.143051540881054,0.649814166349006,-0.114060177181974,1.5810415003325,-0.928415217504623,0.157428142879698,0.727390109213938,1.783513886811,-0.928415217504623,-0.928415217504623,-0.928415217504623,-0.928415217504623
CHOYP_LOC100368023.1.1.m.14890,1,darkslategray1,1.25092664089759,0.15101409569442,0.218311913178823,0.183742234159298,1.55326564081886,-0.995752835772571,1.37911184988503,-0.995752835772571,-0.995752835772571,0.242391804228836,-0.995752835772571,-0.995752835772571
CHOYP_LOC100368071.1.1.m.6755,1,darkslategray1,2.5232376149827,1.03593514427362,-0.515546681535139,1.08074737455992,-0.515546681535139,-0.515546681535139,-0.515546681535139,-0.515546681535139,-0.515546681535139,-0.515546681535139,-0.515546681535139,-0.515546681535139
CHOYP_LOC100368360.1.1.m.9672,1,darkslategray1,2.86183887917239,0.288430494854898,-0.294827477975729,0.327839413894242,-0.588477664253894,-0.588477664253894,0.617662158186919,-0.270077482609353,-0.588477664253894,-0.588477664253894,-0.588477664253894,-0.588477664253894
CHOYP_LOC100369194.1.1.m.42345,1,darkslategray1,1.08898809336243,-0.0247168100964631,0.639384404839415,2.14523784847166,-0.155000996557634,0.497995441806461,-0.248743607022869,-1.0916647595689,-1.38140540595671,-0.81722176877884,0.167418694844616,-0.820271135343174
CHOYP_LOC100369290.1.1.m.66929,2,black,-0.674133307345287,-0.674133307345287,-0.674133307345287,-0.674133307345287,-0.674133307345287,-0.674133307345287,-0.674133307345287,-0.674133307345287,1.56843710444166,1.281492435249,1.39065616809404,1.1524807509776
CHOYP_LOC100369712.1.1.m.64282,1,darkslategray1,0.494140557625156,0.507509456033668,0.603261869895329,0.617837682743498,-1.33151481644767,1.19297883302636,0.597482606520816,0.753673581937625,-1.33151481644767,-1.33151481644767,-1.33151481644767,0.559174678008231
CHOYP_LOC100372208.1.1.m.18397,1,darkslategray1,0.602670244745882,0.596492726972537,0.748013510135419,-1.11570928253962,0.814479025437521,1.28271199296162,-1.11570928253962,-1.11570928253962,-1.11570928253962,-1.11570928253962,0.844051031815478,0.690127880629629
CHOYP_LOC100372473.1.5.m.7845,1,darkslategray1,2.8068559039074,-0.475495430278211,-0.475495430278211,0.70153767264435,0.771065295952148,-0.475495430278211,-0.475495430278211,-0.475495430278211,-0.475495430278211,-0.475495430278211,-0.475495430278211,-0.475495430278211
CHOYP_LOC100372473.3.5.m.39839,1,darkslategray1,1.60555312822749,0.627367739655057,-0.63071555964173,-0.629911310766008,-0.776464757895616,2.1249241841869,0.104097685146149,0.334196505485783,-0.429653340711171,-0.776464757895616,-0.776464757895616,-0.776464757895616
CHOYP_LOC100373522.2.5.m.19698,2,black,-0.824338745633763,-0.824338745633763,-0.824338745633763,-0.218427343351249,0.106208010767334,-0.824338745633763,0.520082123233729,0.218953927860775,2.53222458219154,0.0633548653024439,0.899297562164241,-0.824338745633763
CHOYP_LOC100373578.1.1.m.478,1,darkslategray1,0.424352588064837,-0.497643322487302,2.45841120427722,-0.497643322487302,1.59602611004366,-0.497643322487302,-0.497643322487302,-0.497643322487302,-0.497643322487302,-0.497643322487302,-0.497643322487302,-0.497643322487302
CHOYP_LOC100374254.1.1.m.22199,1,darkslategray1,1.14765840844367,0.151759463578717,1.26948903393973,1.28576348011191,-0.886313372579455,-0.886313372579455,1.28444269949906,-0.886313372579455,-0.886313372579455,-0.886313372579455,-0.886313372579455,0.178767149903637
CHOYP_LOC100375029.6.10.m.36981,2,black,-0.597152232289368,-0.597152232289368,-0.597152232289368,-0.597152232289368,-0.597152232289368,1.10550845063006,-0.597152232289368,-0.597152232289368,-0.597152232289368,1.43002529877933,2.2088628677076,0.0328212411979544
CHOYP_LOC100375029.8.10.m.60484,2,black,0.765859925925138,-0.493833355653035,1.19541828325558,-0.48224302678517,-0.476549322490658,-0.429213193914966,-0.673493400177436,-0.673493400177436,-0.673493400177436,0.110518938338644,-0.673493400177436,2.50401535203421
CHOYP_LOC100376200.1.1.m.19157,1,darkslategray1,0.92574807164016,-0.798924823011388,1.0589930321292,1.06892587293829,-0.798924823011388,1.57614896262363,-0.798924823011388,-0.798924823011388,-0.798924823011388,-0.798924823011388,-0.798924823011388,0.962657821748441
CHOYP_LOC100376749.1.1.m.27252,1,darkslategray1,0.373457255376798,-0.647350911479211,0.459474684673065,2.68338676320689,0.498808081885274,-0.647350911479211,-0.647350911479211,-0.647350911479211,-0.647350911479211,-0.647350911479211,0.516329595212452,-0.647350911479211
CHOYP_LOC100377392.2.4.m.21904,2,black,-1.71988130875453,-0.211914099185727,0.65477865599217,0.290106979528059,-0.881494967032448,-1.71988130875453,-0.138084491281279,0.416711084934575,1.1243410387754,0.342162423235722,0.433401234979367,1.40975475756321
CHOYP_LOC100378445.1.1.m.7111,1,darkslategray1,0.245819643194934,1.52901937687608,0.353828124082201,1.68679285748956,0.403163055909547,-1.0115760165541,-1.0115760165541,0.414099068195061,-1.0115760165541,-1.0115760165541,0.425157957023109,-1.0115760165541
CHOYP_LOC100378487.1.1.m.64108,1,darkslategray1,0.253957875648874,0.268868229957122,0.375547104789992,0.932297785594057,0.525657665265841,1.03293455606672,0.372233692721492,1.13886628896258,-1.74198308243761,-0.676136382638191,-1.74198308243761,-0.740260651493271
CHOYP_LOC100485383.1.1.m.52650,1,darkslategray1,1.45588918028695,0.0665287287985435,-0.556901215369944,-0.297531815994543,-0.556901215369944,2.57017563569939,0.103246778799269,-0.556901215369944,-0.556901215369944,-0.556901215369944,-0.556901215369944,-0.556901215369944
CHOYP_LOC100561410.1.1.m.58687,1,darkslategray1,-0.444440619196727,0.878695212329281,0.336268991399291,0.326886525998755,-0.239444811353958,1.84581788376118,0.319013583464325,-0.261358919168801,-1.72269417171241,0.400007293107783,-1.72269417171241,0.283943203083683
CHOYP_LOC100565534.1.3.m.28075,1,darkslategray1,2.25485716913333,-0.0305654020242503,0.802696817433375,0.853830267006117,-0.804447208779111,-0.804447208779111,0.797889885885213,-0.804447208779111,0.14797451524088,-0.804447208779111,-0.804447208779111,-0.804447208779111
CHOYP_LOC100635182.1.1.m.5368,2,black,-0.702335336037024,-0.702335336037024,-0.702335336037024,-0.702335336037024,-0.702335336037024,0.166133517026533,-0.0429901353370785,-0.702335336037024,0.0847740434406335,2.07853855356415,0.00835751937437068,1.91919851815354
CHOYP_LOC100638431.3.10.m.24462,1,darkslategray1,1.78520021334277,-0.155179527325376,0.452330064147379,-0.0668659575962038,-0.00622016456401299,1.5454084874786,0.918917061406605,-0.559783434039604,-1.10894530684684,-0.586970822309655,-1.10894530684684,-1.10894530684684
CHOYP_LOC100642891.1.1.m.25638,1,darkslategray1,-0.9351294812963,-0.162520969467502,2.49089981465958,0.726485590484233,0.830198418685777,0.142901729276403,-0.115519786107163,-0.033140225579118,-0.9351294812963,-0.9351294812963,-0.9351294812963,-0.138786646767006
CHOYP_LOC100644613.1.1.m.55011,1,darkslategray1,-0.742957240213704,1.6810891506634,0.558257121693233,1.82912366064827,0.642677206254877,-0.742957240213704,-0.742957240213704,-0.742957240213704,-0.742957240213704,-0.742957240213704,-0.742957240213704,0.489553542236151
CHOYP_LOC100693418.2.2.m.56971,1,darkslategray1,1.77641948174053,0.660222167037658,0.777823307486912,-0.425153195919778,-0.313611258924213,-0.0532846497810265,0.770723192047509,-0.339130038026636,-1.60530633441863,-0.367070307116881,-1.60530633441863,0.723673970293191
CHOYP_LOC100696604.1.1.m.40638,2,black,-0.761564148521714,0.73754005769106,-0.761564148521714,-0.761564148521714,-0.761564148521714,-0.761564148521714,0.826564164081431,-0.761564148521714,0.729577903767561,0.985628950359832,2.05163796375211,-0.761564148521714
CHOYP_LOC100705966.1.1.m.45957,2,black,-0.540905889325159,-0.420039684212437,-0.508007348111578,-1.00207967965428,-0.998329711690707,-0.967144217940855,1.37091931947618,1.57051343873056,1.1040987938171,-0.352128058822234,-0.456597187743077,1.19970022547648
CHOYP_LOC100710578.1.1.m.62426,2,black,0.758939955659273,-0.657293387706456,-0.635926091718727,-1.11561441556074,-1.11561441556074,-1.11561441556074,0.862504101457143,1.57666487889318,1.24557638623856,-0.609373864466842,-0.0310523092856642,0.836803577611762
CHOYP_LOC100730443.1.1.m.57698,2,black,-0.80552838313924,-0.80552838313924,-0.80552838313924,-0.80552838313924,-0.80552838313924,-0.80552838313924,1.03455228789651,1.15254825994772,1.38139940339892,1.09864673245142,-0.80552838313924,0.971551998280106
CHOYP_LOC100740246.1.1.m.25108,1,darkslategray1,1.21984000481523,-0.676187936450772,1.36865855560326,1.37977213268538,1.44123279850231,-0.676187936450772,-0.676187936450772,-0.676187936450772,-0.676187936450772,-0.676187936450772,-0.676187936450772,-0.676187936450772
CHOYP_LOC100869188.1.1.m.18952,1,darkslategray1,-0.275745992061639,2.27992648144232,1.09252574186655,0.419819932244912,-0.884134261622923,-0.0362117468849419,0.424767435326478,0.515589456180934,-0.884134261622923,-0.884134261622923,-0.884134261622923,-0.884134261622923
CHOYP_LOC100876515.1.2.m.37063,2,black,-0.55020194580308,-0.569578757153034,-0.548000793394995,-0.569578757153034,-0.543898645725384,-0.569578757153034,-0.569578757153034,1.23046365074899,-0.536061209120841,-0.428471547477206,2.09261502804273,1.56187049134192
CHOYP_LOC100890099.1.1.m.11505,1,darkslategray1,-0.582991182432472,-0.582991182432472,-0.582991182432472,1.90319655862084,-0.582991182432472,-0.582991182432472,-0.582991182432472,-0.034401021535329,0.784687341434881,-0.582991182432472,2.01044658093939,-0.582991182432472
CHOYP_LOC100890753.1.3.m.50299,1,darkslategray1,0.915020690070401,0.943159927845319,0.253430901288166,1.89744317535408,-0.454634015690063,-0.256751633918056,0.28960343758915,-0.448416151859153,0.608484541793306,-1.24911362415772,-1.24911362415772,-1.24911362415772
CHOYP_LOC100892181.1.1.m.49777,2,black,-0.741878045052416,0.254841038527357,-0.741878045052416,-0.741878045052416,-0.741878045052416,-0.741878045052416,0.315855056452958,0.390308285375387,0.535518960196117,2.64540789064318,-0.741878045052416,0.309337039119496
CHOYP_LOC100909243.1.1.m.22728,1,darkslategray1,-0.448356130592642,-0.436204411598597,0.997975304308766,2.48756070605986,0.38643620045273,-0.194662078227082,-0.410101288645565,-1.11316283302637,0.570942364166118,-0.382136953036483,-0.345128046834364,-1.11316283302637
CHOYP_LOC101063838.1.1.m.50540,2,black,-0.550580327788597,-0.550580327788597,-0.550580327788597,-0.550580327788597,-0.550580327788597,-0.550580327788597,1.46193099797871,-0.550580327788597,1.87503045652773,-0.550580327788597,1.61826149559093,-0.550580327788597
CHOYP_LOC101064328.2.3.m.57090,1,darkslategray1,1.36054887948726,0.873874020334746,0.739795530093757,-0.862256098702268,0.556359402669419,-0.862256098702268,1.74826077540035,-0.862256098702268,-0.862256098702268,-0.862256098702268,-0.862256098702268,-0.105302015771915
CHOYP_LOC101065149.1.1.m.49591,2,black,-0.897064249327469,-0.897064249327469,-0.897064249327469,-0.897064249327469,0.230608658272987,-0.897064249327469,1.17284004262943,0.239548727707235,-0.897064249327469,1.2571215270884,1.35149304841922,1.13077349184754
CHOYP_LOC101067281.1.2.m.14666,1,darkslategray1,0.98111886731132,-0.0988230414274913,1.52925721083665,1.1347794166831,-0.369980361404131,-0.592180693628746,0.730027283707319,-0.34885404812081,0.251697627552963,0.00652444188803572,-1.6117833516991,-1.6117833516991
CHOYP_LOC101072591.1.1.m.1861,1,darkslategray1,2.00308293253408,0.969032076877221,1.07740500117663,-0.0215302866594833,0.0812896448245854,-1.09942789203748,-1.09942789203748,0.0577640623595894,0.204371033964632,0.0262971030726531,-1.09942789203748,-1.09942789203748
CHOYP_LOC101076180.1.1.m.41749,1,darkslategray1,-0.524389439312975,0.830719656636322,1.57444619859521,2.31433909858524,-0.524389439312975,-0.524389439312975,-0.524389439312975,-0.524389439312975,-0.524389439312975,-0.524389439312975,-0.524389439312975,-0.524389439312975
CHOYP_LOC101159300.1.1.m.26609,1,darkslategray1,-0.540353233576091,0.230024537268141,1.10101311143434,2.70494487977842,-0.540353233576091,-0.540353233576091,-0.540353233576091,-0.540353233576091,-0.540353233576091,0.286843340127827,-0.540353233576091,-0.540353233576091
CHOYP_LOC101162206.1.1.m.53261,1,darkslategray1,0.892268279713255,-0.800255080559133,1.02360211287145,-0.800255080559133,1.08763895261115,1.53867988880751,-0.800255080559133,-0.800255080559133,-0.800255080559133,1.05959632991057,-0.800255080559133,-0.800255080559133
CHOYP_LOC101169131.2.2.m.32499,1,darkslategray1,-0.524389102552863,-0.524389102552863,0.718625354570717,2.05150473148473,-0.524389102552863,1.94937183692032,-0.524389102552863,-0.524389102552863,-0.524389102552863,-0.524389102552863,-0.524389102552863,-0.524389102552863
CHOYP_LOC101173335.4.4.m.49816,2,black,-0.511286536481084,-0.724673137102779,-0.721099575564443,0.672606697596988,0.936623736002013,0.740077187039312,-1.49383791258294,-0.404352739929881,0.782761283577053,0.864413078949348,1.35260583107935,-1.49383791258294
CHOYP_LOC574855.1.9.m.547,2,black,-0.573290226492586,-0.573290226492586,-0.573290226492586,-0.573290226492586,-0.573290226492586,-0.573290226492586,-0.573290226492586,-0.573290226492586,0.736112012391397,0.560853167057986,0.618921075954005,2.6704355565373
CHOYP_LOC576498.1.1.m.10455,1,darkslategray1,2.25060580607521,0.923287418137203,-0.393680807598271,-0.389165099764734,-0.358993777514115,-0.242744272312722,1.48109722162763,-0.355297291013211,-0.838218276096136,-0.838218276096136,-0.838218276096136,-0.400454369348575
CHOYP_LOC576797.1.1.m.8986,2,black,-0.838782443918579,1.43682551141897,-0.838782443918579,-0.838782443918579,-0.838782443918579,-0.838782443918579,0.359072118417478,-0.838782443918579,2.02105748690825,0.400603037677886,0.470352849570563,0.344783659518325
CHOYP_LOC584270.1.1.m.49225,2,black,-0.52079792438787,-0.52079792438787,-0.52079792438787,-0.52079792438787,-0.52079792438787,-0.52079792438787,-0.52079792438787,-0.52079792438787,1.1860007689265,2.46585080469098,1.03532974587335,-0.52079792438787
CHOYP_LOC584364.2.2.m.57790,1,darkslategray1,-0.665958677864823,1.37470845671492,-0.665958677864823,1.48765996354708,1.62646663231971,-0.665958677864823,-0.665958677864823,-0.665958677864823,-0.665958677864823,0.838834370336871,-0.665958677864823,-0.665958677864823
CHOYP_LOC585972.1.1.m.25356,1,darkslategray1,1.02463592453232,-0.808176795351183,1.09325723126724,1.17999931597111,1.23970876468851,-0.808176795351183,1.1196363309991,-0.808176795351183,-0.808176795351183,-0.808176795351183,-0.808176795351183,-0.808176795351183
CHOYP_LOC586122.3.4.m.63155,2,black,-0.569812343328267,-0.569812343328267,-0.569812343328267,-0.569812343328267,-0.569812343328267,0.107602987415328,-0.569812343328267,-0.569812343328267,0.0449786839819074,0.518093032715881,2.87155988144201,0.446451817742737
CHOYP_LOC590756.3.6.m.40372,1,darkslategray1,-0.552368548606487,-0.552368548606487,1.595159670487,1.61649805447417,1.75965921249721,-0.552368548606487,-0.552368548606487,-0.552368548606487,-0.552368548606487,-0.552368548606487,-0.552368548606487,-0.552368548606487
CHOYP_LOC592142.4.9.m.49474,2,black,-0.0450771529383954,0.905368987074289,-0.964481333382709,-0.964481333382709,-0.964481333382709,-0.964481333382709,1.6796798438143,0.482174468286763,1.39497917701182,-0.964481333382709,-0.269187608194912,0.674468951859686
CHOYP_LOC592209.1.1.m.48009,1,darkslategray1,2.88417152461077,0.221733333118645,0.266823212614547,-0.159220224065592,-0.550793797968984,-0.550793797968984,0.642048739504516,-0.550793797968984,-0.550793797968984,-0.550793797968984,-0.550793797968984,-0.550793797968984
CHOYP_LOC592411.1.1.m.19664,1,darkslategray1,1.02190334810777,1.055311287742,1.08974150215084,1.17544901925408,-0.807232460605002,-0.807232460605002,-0.807232460605002,1.30822206698032,-0.807232460605002,-0.807232460605002,-0.807232460605002,-0.807232460605002
CHOYP_LOC592857.1.1.m.62834,1,darkslategray1,1.66385689449385,0.979256470346307,1.11021281551328,0.372174414836335,-1.00624871128741,0.803981956724937,0.35690642154222,-0.255145417019864,-1.00624871128741,-1.00624871128741,-1.00624871128741,-1.00624871128741
CHOYP_LOC660510.1.1.m.56258,2,black,-1.19841056959553,-1.19841056959553,-1.19841056959553,-1.19841056959553,-0.0962800791448336,1.458133055449,0.826902650407067,0.992454666584556,0.00685393572432085,0.908224515154353,-0.0889432650129327,0.7862967992206
CHOYP_LOC662320.2.2.m.19454,1,darkslategray1,2.06019071926095,0.239279938893513,-0.677746500617916,0.298302203636778,-0.677746500617916,1.81159052658849,-0.677746500617916,0.334862115945679,-0.677746500617916,-0.677746500617916,-0.677746500617916,-0.677746500617916
CHOYP_LOC725079.1.1.m.66349,1,darkslategray1,0.150945408246842,0.16933298250885,0.229622124162579,0.235485273885523,0.299550161172352,0.535027760778133,-0.848123025695245,2.62065141772195,-0.848123025695245,-0.848123025695245,-0.848123025695245,-0.848123025695245
CHOYP_LOC752782.1.1.m.53937,2,black,0.415289641383673,1.32977756000484,-0.849596115215592,-0.849596115215592,-0.849596115215592,-0.849596115215592,1.96995356505171,0.779944091440456,-0.849596115215592,0.131387619261721,-0.849596115215592,0.471224214151148
CHOYP_LOC764898.1.1.m.28118,1,darkslategray1,0.568276510755831,2.03511445213974,0.680781276242318,0.689159905413115,0.735617959573944,-0.884731877192141,-0.884731877192141,-0.884731877192141,-0.884731877192141,-0.884731877192141,-0.884731877192141,0.599441159027897
CHOYP_MD27A.1.2.m.18338,1,darkslategray1,0.101585447751712,0.118320956924371,2.08655289667933,1.19170658182772,0.236721282794684,-0.80754727736924,1.11039649823763,-0.80754727736924,-0.80754727736924,-0.80754727736924,-0.80754727736924,-0.80754727736924
CHOYP_MET14.1.1.m.5073,1,darkslategray1,-0.238605276650296,1.38675436490325,-0.761050509551221,-0.210320838164308,1.04481388338718,2.21596322351366,-0.208151003081899,-0.761050509551221,-0.761050509551221,-0.185201806151481,-0.761050509551221,-0.761050509551221
CHOYP_MICPUN_58704.1.1.m.54967,1,darkslategray1,1.73209981916694,1.75039309239503,0.592359428930741,0.599589259840858,-0.747654996196397,-0.747654996196397,0.559143373041199,-0.747654996196397,-0.747654996196397,-0.747654996196397,-0.747654996196397,-0.747654996196397
CHOYP_MOB1.1.1.m.19452,2,black,-1.02816812737155,1.52283660509409,-1.02816812737155,0.34765909875692,-1.02816812737155,-1.02816812737155,0.314133885740877,0.439655451009605,0.564279490890502,0.360356443214177,-1.02816812737155,1.59191966215156
CHOYP_MSMB.4.5.m.40217,1,darkslategray1,-0.544818701034815,0.216660106493216,2.67590625887678,-0.544818701034815,1.14736543924202,-0.544818701034815,-0.544818701034815,-0.544818701034815,-0.544818701034815,-0.544818701034815,0.318617803666494,-0.544818701034815
CHOYP_NAEGRDRAFT_47557.1.1.m.11283,1,darkslategray1,1.98422079518487,1.98774563782844,0.777824651261604,-0.527754564919434,-0.527754564919434,-0.527754564919434,-0.527754564919434,-0.527754564919434,-0.527754564919434,-0.527754564919434,-0.527754564919434,-0.527754564919434
CHOYP_NEMVEDRAFT_V1G154974.1.1.m.44261,2,black,-1.31810701680406,-1.31810701680406,0.0684064120968344,1.42321490758908,0.156697302814307,-1.31810701680406,0.0343656019718163,0.127551335471336,1.92055980463151,0.0885631909526664,0.138390853267506,-0.0034283583828686
CHOYP_NEMVEDRAFT_V1G202687.1.1.m.8886,1,darkslategray1,1.71977030049883,0.0781234894529416,1.85697265282646,0.125370371559856,1.08878535352725,-0.695574595409334,-0.695574595409334,-0.695574595409334,-0.695574595409334,-0.695574595409334,-0.695574595409334,-0.695574595409334
CHOYP_NEMVEDRAFT_V1G224038.3.5.m.31061,1,darkslategray1,1.62005623111651,0.468489200270779,-0.732407513607683,0.502908753636091,0.584343312646248,-0.732407513607683,-0.732407513607683,1.95105509758415,-0.732407513607683,-0.732407513607683,-0.732407513607683,-0.732407513607683
CHOYP_NEMVEDRAFT_V1G235461.1.1.m.28341,1,darkslategray1,-0.828346427443229,0.856646258198856,1.1234674370259,2.02844388175539,1.06591960099632,-0.828346427443229,-0.828346427443229,-0.828346427443229,-0.201126954665863,-0.281146932560615,-0.45047115353385,-0.828346427443229
CHOYP_NEMVEDRAFT_V1G235656.1.1.m.19149,1,darkslategray1,0.66126349987348,1.72060143933736,0.782090190304589,0.798230622368011,-0.233035249352371,0.0362068924916165,0.775696444602609,-1.36578547214401,-1.36578547214401,-0.249769745977079,-0.193927677216169,-1.36578547214401
CHOYP_NEMVEDRAFT_V1G236573.1.2.m.46431,2,black,-0.745437569451423,-0.745437569451423,-0.745437569451423,0.362049603546982,-0.745437569451423,-0.745437569451423,1.40967609262643,-0.745437569451423,-0.745437569451423,1.49550269237227,1.62832889017472,0.322505707439558
CHOYP_NEMVEDRAFT_V1G236658.5.6.m.34525,2,black,-0.731212872663486,-0.285777291299617,-0.731212872663486,-0.731212872663486,-0.230073974676124,-0.731212872663486,-0.25626162597806,-0.22631631950233,-0.731212872663486,1.75216073635894,0.821360225096609,2.08097261331801
CHOYP_NEMVEDRAFT_V1G243463.1.1.m.49871,2,black,0.810951133381201,-0.954402647574207,-0.954402647574207,-0.954402647574207,-0.954402647574207,-0.954402647574207,0.91303535015613,1.08887753303273,-0.954402647574207,0.977766817363681,1.08643389521056,0.849351156300935
CHOYP_NEMVEDRAFT_V1G96234.1.1.m.27743,1,darkslategray1,0.207608218583559,0.230705228867415,2.1709146353333,1.56700198112238,-0.291807870096725,-0.134094339849163,0.274598629800038,-0.930835245053737,-0.930835245053737,-0.301585503545854,-0.930835245053737,-0.930835245053737
CHOYP_NF70.1.4.m.31159,2,black,-0.429524373844155,-0.429524373844155,-0.429524373844155,-0.0460681320729272,-0.429524373844155,-0.429524373844155,-0.429524373844155,-0.429524373844155,-0.429524373844155,0.373506074026886,0.0460257400960157,3.06273130870327
CHOYP_NOL10.1.1.m.1606,1,darkslategray1,-0.445729943176626,0.432217786542917,0.528084629915168,0.542702415585524,0.662873529108486,1.1186079474176,-0.399117405737822,1.71975704486515,-0.214428434979033,-1.31498918984712,-1.31498918984712,-1.31498918984712
CHOYP_NRDC.1.1.m.28526,1,darkslategray1,-0.586230687464659,0.223688299485782,0.580333933065287,2.03802265115178,-0.546548242036614,1.75859094891246,-0.833673761005902,-0.552697780139779,0.145316159175494,-0.559453999132045,-0.833673761005902,-0.833673761005902
CHOYP_P3A2.1.3.m.11560,1,darkslategray1,1.65952272885486,0.425177406797759,1.75877080040393,0.492937345477185,-0.748136659396802,0.900548334243879,-0.748136659396802,-0.748136659396802,-0.748136659396802,-0.748136659396802,-0.748136659396802,-0.748136659396802
CHOYP_PAN2.1.1.m.44693,1,darkslategray1,-0.254406534355647,1.22014048586902,-0.0995803765948389,0.06109390579717,-0.321467036970335,0.466701166572004,0.144661609055474,-0.924944513682937,0.443273092183742,-1.3895994979802,-1.3895994979802,2.04372719808675
CHOYP_PCDH9.5.5.m.59488,1,darkslategray1,0.802172010288231,2.02025991558645,0.0503437913928078,0.547190643158276,-0.308786294181018,1.02616876107084,-1.19962299496829,-1.19962299496829,-0.7021965271835,0.103983113866921,-1.19962299496829,0.0597335709058743
CHOYP_POLR3K.1.1.m.8423,1,darkslategray1,1.53242045478987,0.347070806313921,0.418468733327262,1.68663821313802,-0.879453557740447,0.780118270157032,-0.879453557740447,0.512004868716573,-0.879453557740447,-0.879453557740447,-0.879453557740447,-0.879453557740447
CHOYP_PRP6.2.2.m.34365,1,darkslategray1,1.27349216804166,1.44323931116103,1.54285858277758,-0.762712434333589,-0.762712434333589,-0.762712434333589,0.900395495926342,-0.762712434333589,0.17900148242851,-0.762712434333589,-0.762712434333589,-0.762712434333589
CHOYP_PYRD2.1.1.m.26691,1,darkslategray1,1.06051806244579,1.07647949159601,0.0606917220781131,1.22901996790656,1.37793284668298,-1.02492729997196,-1.02492729997196,0.155372017719148,-1.02492729997196,-1.02492729997196,0.164622391431203,-1.02492729997196
CHOYP_QPCT.1.1.m.38977,2,black,-0.815280114329458,-0.327577572188281,-0.815280114329458,-0.815280114329458,1.37184817151381,-0.815280114329458,-0.311562703790958,0.278853165080137,-0.213102091373853,1.85648370035876,1.42145790204767,-0.815280114329458
CHOYP_RNOY.1.3.m.4495,1,darkslategray1,0.0127024866722366,0.0253314235238234,0.057598162488926,2.95098753641434,-0.522709922438562,-0.522709922438562,0.612349847970602,-0.522709922438562,-0.522709922438562,-0.522709922438562,-0.522709922438562,-0.522709922438562
CHOYP_RNOY.3.3.m.58342,1,darkslategray1,1.57473445097594,0.730170082555406,0.817494421938742,0.375913269340021,-0.479029034511739,1.52470082765654,-0.556434462530999,-0.978018131856471,-0.391315522549732,-1.00492093370511,-1.47477198156986,-0.13852298574273
CHOYP_RPS24.1.8.m.571,2,black,-0.428118129473339,-0.428118129473339,-0.428118129473339,-0.428118129473339,-0.428118129473339,-0.428118129473339,-0.428118129473339,-0.428118129473339,-0.428118129473339,2.10256412389334,2.17861717084006,-0.428118129473339
CHOYP_RS8.8.14.m.44842,1,darkslategray1,-0.399297427435197,1.14981900070869,-0.399297427435197,-0.399297427435197,2.84315527364328,-0.399297427435197,-0.399297427435197,-0.399297427435197,-0.399297427435197,-0.399297427435197,-0.399297427435197,-0.399297427435197
CHOYP_RSSA.3.10.m.22114,2,black,-0.550530206872823,-0.550530206872823,-0.550530206872823,-0.550530206872823,-0.550530206872823,-0.550530206872823,-0.550530206872823,-0.550530206872823,1.8631972548584,-0.550530206872823,1.65025652398679,1.44131808301022
CHOYP_SMP_001000.1.1.m.39561,1,darkslategray1,3.06911414705783,-0.360151312593043,-0.360151312593043,0.532398978872602,-0.360151312593043,-0.360151312593043,-0.360151312593043,-0.360151312593043,-0.360151312593043,-0.360151312593043,-0.360151312593043,-0.360151312593043
CHOYP_SMP_012720.1.2.m.31152,2,black,-0.727692043382951,-0.312608099346565,-0.727692043382951,-0.727692043382951,1.30188691401702,-0.727692043382951,-0.435295790755313,2.06101428963849,-0.727692043382951,1.41405982767157,-0.042691799617792,-0.347905124692652
CHOYP_SMP_148160.1.1.m.11635,1,darkslategray1,1.64772769938784,0.969264953845847,0.370391703160708,1.07376618781439,-1.13420710708539,0.772139973462007,0.333292628994368,-0.360001483614122,-0.26975323470948,-1.13420710708539,-1.13420710708539,-1.13420710708539
CHOYP_SMP_168770.1.1.m.18618,1,darkslategray1,2.4654481239088,0.477697746517251,1.56160666259157,-0.500528059224181,-0.500528059224181,-0.500528059224181,-0.500528059224181,-0.500528059224181,-0.500528059224181,-0.500528059224181,-0.500528059224181,-0.500528059224181
CHOYP_SODM.2.2.m.62946,1,darkslategray1,-1.09776650220419,0.673252284695844,0.775661989818757,1.36543618291955,-0.457818300938314,1.29442037532242,-1.09776650220419,-1.09776650220419,1.07804613652456,-1.09776650220419,-0.448156477550528,0.110223818024481
CHOYP_SPR.1.3.m.17978,1,darkslategray1,2.06934374536055,-0.113965053589465,-0.0705710131102972,-0.0663413411187645,-0.848591244156562,0.149292125317486,-0.848591244156562,1.62971722491988,-0.848591244156562,-0.848591244156562,-0.848591244156562,0.645480533003419
CHOYP_SREC2.9.9.m.66799,2,black,-0.5516444252974,-0.5516444252974,-0.5516444252974,-0.5516444252974,-0.5516444252974,-0.5516444252974,-0.5516444252974,1.56069940625,1.82747623691449,-0.5516444252974,1.57662418451211,-0.5516444252974
CHOYP_SSU72.1.1.m.2079,2,black,-0.560024123521544,-1.06210784439694,-0.000173081677136106,-1.06210784439694,0.0742835088872456,-0.367284563782188,0.538027015827333,0.109508252634103,2.78432298089457,0.0523493399847205,-0.482231776997812,-0.0245618634554099
CHOYP_TBA.1.6.m.12217,1,darkslategray1,2.64674927969314,0.33116950871605,-0.0375798647238484,-0.242508058203458,-0.886087006928215,0.879336258035597,-0.767233122536046,-0.0565962584813418,0.228170713009483,-0.437365222600346,-0.660705615076384,-0.99735061090463
CHOYP_TBA.5.6.m.37448,1,darkslategray1,-0.612533915209368,-0.321474599898242,-0.451485763292975,0.0259846776153962,0.565767407828758,2.86651220661836,-0.144013827945366,-0.75708576492106,-0.75708576492106,-0.598284297303608,-0.253144471191712,0.436844112620881
CHOYP_TBA1A.2.4.m.19573,1,darkslategray1,2.06080236403525,2.21852049811087,-0.427932286214612,-0.427932286214612,-0.427932286214612,-0.427932286214612,-0.427932286214612,-0.427932286214612,-0.427932286214612,-0.427932286214612,-0.427932286214612,-0.427932286214612
CHOYP_TBG1.1.1.m.28190,1,darkslategray1,1.10812721292357,1.15871716732184,1.19313450892546,0.0666614883629565,0.140954428388389,-1.03767526843686,1.23012936069322,-1.03767526843686,0.290652175568888,-1.03767526843686,-1.03767526843686,-1.03767526843686
CHOYP_TMEL_0889.1.2.m.168,2,black,-0.683506469775494,-0.683506469775494,-0.683506469775494,-0.683506469775494,0.355879348919657,-0.683506469775494,-0.683506469775494,-0.683506469775494,0.454048707040404,2.32352401335241,1.38906402337148,0.262029195744512
CHOYP_TPM.17.19.m.63919,2,black,-1.12944060514829,0.411743444298517,0.394085850080759,0.223961232003898,0.30180603997329,0.183941971351908,-1.12944060514829,-1.12944060514829,-0.257736464670618,1.53659824419606,1.72336210335935,-1.12944060514829
CHOYP_TRI33.5.8.m.56889,2,black,-0.724113657069934,-0.724113657069934,-0.724113657069934,-0.724113657069934,0.280447729569571,-0.724113657069934,-0.724113657069934,0.288383325232121,-0.724113657069934,1.19530854380919,1.27905741946216,2.0255985814165
CHOYP_TRIADDRAFT_37121.1.1.m.51940,1,darkslategray1,0.359236898800908,0.348615149101172,1.71488967898355,0.46205241190867,0.539957842980397,-0.855309149605529,1.70710291585848,-0.855309149605529,-0.855309149605529,-0.855309149605529,-0.855309149605529,-0.855309149605529
CHOYP_TRIADDRAFT_49883.1.1.m.29857,1,darkslategray1,2.92449195320608,0.0228800270324516,0.0725881367112218,0.075931337008201,-0.535654369951039,-0.535654369951039,0.653689135699322,-0.535654369951039,-0.535654369951039,-0.535654369951039,-0.535654369951039,-0.535654369951039
CHOYP_TSP_02835.1.1.m.26375,1,darkslategray1,2.42622561243358,0.687990238396946,0.150485430303227,-0.468660689025483,-0.429090573359136,-0.274880049807488,0.767592790560064,0.245875101970846,-1.07602141669337,-1.07602141669337,-1.07602141669337,0.122526388607545
CHOYP_TVAG_355490.7.22.m.16997,1,darkslategray1,-0.24589051285463,-0.570005827070203,0.0269705199195497,-0.347445289536098,0.456361940585673,2.99490300499569,-0.104730155059358,-0.570005827070203,-0.570005827070203,-0.570005827070203,0.0698596273001912,-0.570005827070203
CHOYP_TXN4A.1.2.m.59542,1,darkslategray1,-0.737774622764921,0.551656034833815,0.663566757216973,-0.737774622764921,2.20350621113412,1.05452324589505,-0.737774622764921,-0.737774622764921,-0.737774622764921,0.69117011027449,-0.737774622764921,-0.737774622764921
CHOYP_TXND3.2.4.m.21415,1,darkslategray1,3.08254495474365,-0.356155414790828,-0.356155414790828,-0.356155414790828,0.479009193164631,-0.356155414790828,-0.356155414790828,-0.356155414790828,-0.356155414790828,-0.356155414790828,-0.356155414790828,-0.356155414790828
CHOYP_UBE2C.1.1.m.55757,1,darkslategray1,-0.593483848442572,2.33613058305281,0.452019368299855,1.52764453835256,-0.593483848442572,-0.593483848442572,0.432076297835355,-0.593483848442572,-0.593483848442572,-0.593483848442572,-0.593483848442572,-0.593483848442572
CHOYP_UBR7.1.1.m.7300,1,darkslategray1,0.484137193994607,1.88001077845743,-0.898187042643697,0.602417766849023,0.692029547954556,1.0258203484385,-0.898187042643697,0.704706620168058,-0.898187042643697,-0.898187042643697,-0.898187042643697,-0.898187042643697
CHOYP_VOLCADRAFT_89567.1.1.m.27272,1,darkslategray1,2.75529861170022,0.473892062832442,0.162797466998777,-0.401898345642937,-0.583099466357524,-0.583099466357524,0.897064113200379,-0.388557110943739,-0.583099466357524,-0.583099466357524,-0.583099466357524,-0.583099466357524
CHOYP_XRN2.1.1.m.13943,1,darkslategray1,0.727163919265229,1.27231233676835,0.433991534441863,0.744918658084438,0.271057100010435,1.75516086140516,-0.681999744260214,-0.465874158139961,-0.684325639400454,-1.21615191405843,-1.05648103930022,-1.09977191481619
