protein_ID,Chi,D_3_adj.ChiSq.pval,D_3_ChiSq.pval,D_3_logFC,D_5_adj.ChiSq.pval,D_5_ChiSq.pval,D_5_logFC,D_7_adj.ChiSq.pval,D_7_ChiSq.pval,D_7_logFC,D_9_adj.ChiSq.pval,D_9_ChiSq.pval,D_9_logFC,D_11_adj.ChiSq.pval,D_11_ChiSq.pval,D_11_logFC,D_13_adj.ChiSq.pval,D_13_ChiSq.pval,D_13_logFC
CHOYP_ACT.5.27.m.15585,PropTest,0.979445546193914,0.49246622763317,0.0511322850154663,0.967036679485888,0.00977840567710385,-0.215138417616673,1.75836482358296e-07,6.6328359999357e-11,-0.584610196639161,0.779297472465954,0.00715311398088956,0.220425832732836,0.998682844793179,0.0466275939694367,0.155939223221216,0.958428402785477,0.203786393291684,0.09502210868866
CHOYP_ACT.6.27.m.15622,PropTest,0.979445546193914,0.530327364727272,0.0581672336143058,0.967036679485888,0.0166544758915594,-0.23866919190187,3.23764564902092e-08,8.14194806744855e-12,-0.742293199156566,0.979180442953242,0.114266520323828,0.149640268699727,0.998682844793179,0.185411110406642,0.122373437027631,0.958428402785477,0.137768639789774,-0.133693010099286
CHOYP_ACT3.1.3.m.23292,PropTest,0.979445546193914,0.883943140979452,-0.0170366182903328,0.967036679485888,0.219610046658675,-0.154237140880786,0.949671592008509,0.0101996664073907,-0.330356676347578,0.979180442953242,0.101279747942633,0.200578930226997,0.998682844793179,0.019718466933476,0.27772632521242,0.0278822177493127,7.36233588250431e-05,0.464864003841803
CHOYP_AGAP_AGAP011617.1.2.m.29071,PropTest,0.00895995962870972,7.0976670012412e-05,0.841964465944312,0.967036679485888,0.180723941792416,0.216662223554658,0.949671592008509,0.218535638728411,0.216134427297615,0.979180442953242,0.44737190585067,-0.128418961674429,0.998682844793179,0.19799713218541,0.230279162809961,0.958428402785477,0.103403920299928,0.318380930952417
CHOYP_AKD1.2.3.m.49697,PropTest,0.00443512704028568,2.89986930837238e-05,-1.46537609272,0.997011995802902,0.993630030348208,0.00347607674022932,0.949671592008509,0.585518178426564,0.226860833890674,0.979180442953242,0.336951172158329,-0.587756559976009,0.998682844793179,0.657373645643105,0.287125023214671,0.958428402785477,0.416205458271523,-0.487269684892938
CHOYP_AKD1.3.3.m.63103,PropTest,0.00735435582087548,5.270945326165e-05,-1.39826189686147,0.9874483023198,0.972388210018958,0.0144263763007695,0.949671592008509,0.673278520299666,0.170277305524307,0.979180442953242,0.208404940136511,-0.715861385723695,0.998682844793179,0.222174368494026,0.734584000185892,0.958428402785477,0.300055769379695,-0.584131224145527
CHOYP_BRAFLDRAFT_100695.1.1.m.47761,PropTest,0.0855117317828399,0.00108596566202274,-1.27273101477761,0.967036679485888,0.798071391460317,0.134720610018482,0.949671592008509,0.499254518389973,-0.325680189138105,0.979180442953242,0.208404940136511,-0.715861385723695,0.998682844793179,0.16459962242609,-1.17230659542263,0.958428402785477,0.192672337444564,1.44561611924853
CHOYP_BRAFLDRAFT_103544.1.1.m.38439,PropTest,0.000626665089178124,2.18881236527488e-06,3.80408458227322,0.967036679485888,0.0631097375073041,0.665235326717261,0.949671592008509,0.747220282126664,-0.0891666595570042,0.979180442953242,0.355581660897272,0.245593570614539,0.998682844793179,0.931274862202935,0.0236136145526302,0.958428402785477,0.585090568230181,0.149761535971056
CHOYP_BRAFLDRAFT_117858.3.3.m.61651,PropTest,0.00782906241905379,5.70961423745907e-05,-1.91427704386513,0.967036679485888,0.753729713529902,-0.227849469366226,0.958550978126798,0.889489025345878,-0.0950672609966885,0.979180442953242,0.563183983805041,-0.535289140081874,0.998682844793179,0.737009362993023,-0.324309688867677,0.978007666549162,0.967186004955257,-0.0398107079217165
CHOYP_BRAFLDRAFT_118602.2.5.m.17419,PropTest,0.979445546193914,0.0437272946509826,0.481308092747539,0.967036679485888,0.761483287094296,-0.0669132511511688,0.949671592008509,0.323926230190859,-0.21082540433337,0.668527940144473,0.00571606939894684,0.620422002140738,0.0374962127064445,1.41441768036381e-05,0.849519767030551,9.45738896213427e-07,7.13495960930537e-10,1.31472205239757
CHOYP_BRAFLDRAFT_123537.2.2.m.50531,PropTest,0.00805727281904459,5.9773556685984e-05,-1.99033128407688,0.967036679485888,0.266336436824199,-0.865279389981518,0.958550978126798,0.889489025345878,-0.0950672609966885,0.979180442953242,0.60459091996875,-0.435753466530959,0.998682844793179,0.656050189457452,0.582580906740842,0.958428402785477,0.417788753390045,0.960189292078284
CHOYP_BRAFLDRAFT_127065.6.7.m.30727,PropTest,0.979445546193914,0.253505161050649,-0.135020638200466,5.22809604016026e-07,6.57374077726677e-11,-1.29351638701522,0.949671592008509,0.00457534617979095,-0.888616383529262,0.797033991259199,0.00759030446916601,-0.982748117053094,0.998682844793179,0.1378032711378,-0.532896310679094,0.743008368189149,0.00887536715427753,-1.09870439697529
CHOYP_BRAFLDRAFT_281651.5.8.m.25278,PropTest,0.0142777688012179,0.000129259317702463,-1.14062747877026,0.600071686387495,0.000980879155417759,-2.32471100861881,0.949671592008509,0.531155711953646,-0.773139166109326,0.979180442953242,0.739530389795412,-0.365364138639561,0.998682844793179,0.998682844793179,-0.00238159398031423,0.958428402785477,0.86527297019989,0.223223697912077
CHOYP_BRAFLDRAFT_63459.2.3.m.27933,PropTest,0.000938919233979696,4.01398892937378e-06,-1.55746049171072,0.967036679485888,0.148567984909999,-0.739748507897659,0.949671592008509,0.688168749621873,0.226860833890674,0.979180442953242,0.439987987828732,-0.480841356059497,0.998682844793179,0.108118818992022,-1.32430968886768,0.958428402785477,0.475806224374621,-0.683666897696442
CHOYP_BRAFLDRAFT_80496.6.10.m.29014,PropTest,0.979445546193914,0.871469803788248,0.0491970801097539,0.967036679485888,0.145469707246831,-0.306789100621553,0.00310093494677622,2.33944545211333e-06,-0.914001701949176,0.152989565079701,0.000596338050731891,-0.745506847472219,0.998682844793179,0.154824749245215,-0.417419093259158,0.958428402785477,0.322232243286969,-0.36173880280908
CHOYP_BRAFLDRAFT_86846.1.3.m.13594,PropTest,5.30169894277229e-05,1.26659474302368e-07,-2.35679527956608,0.967036679485888,0.256682129337518,-0.758364186065006,0.949671592008509,0.278048732841557,-0.773139166109326,0.979180442953242,0.422347158729439,-0.419811922661938,0.998682844793179,0.252818836890899,0.775225984683237,0.958428402785477,0.0654235582503213,1.44561611924853
CHOYP_BRAFLDRAFT_91636.1.11.m.28449,PropTest,0.979445546193914,0.48747700477245,-0.322771697277204,0.9874483023198,0.973418168010466,0.0192433925985465,0.949671592008509,0.767214592995871,-0.18817666538817,0.979180442953242,0.94176993677221,0.0496733606392823,0.998682844793179,0.996773505973716,-0.00238159398031446,0.059274789634321,0.000204922571163934,-2.23620792072522
CHOYP_CALM.22.50.m.31010,PropTest,0.979445546193914,0.557398715882671,-0.291839837725313,0.967036679485888,0.418359766376195,0.43428089187739,0.949671592008509,0.248255084597112,0.589430913275382,6.79332771654739e-06,1.7083685946303e-09,-2.23326060263222,0.998682844793179,0.742603728621682,0.158083078212932,0.958428402785477,0.40647736893585,-0.477216020229015
CHOYP_CARNS1.4.6.m.40244,PropTest,0.0206792614708957,0.000202814333550845,-2.82527203780639,0.967036679485888,0.126415839852337,-1.67263431203912,0.949671592008509,0.785153129973198,-0.358101666830482,0.979180442953242,0.972531914860765,0.0496733606392824,0.998682844793179,0.998682844793179,-0.00238159398031423,0.958428402785477,0.801506570364873,-0.361738802809079
CHOYP_CO6A3.2.5.m.39533,PropTest,0.000312008930065447,1.0200216499059e-06,2.02118270394016,0.987003405484878,0.970745710763576,-0.00966929931669291,0.949671592008509,0.835295712710049,-0.0518551941753893,0.984065020743301,0.979610558182411,0.00527924128082891,0.998682844793179,0.61695282643336,-0.11785881140025,0.978007666549162,0.955789197586561,0.0133006285378459
CHOYP_CO6A3.3.5.m.39796,PropTest,7.42095637985943e-08,8.39791367015402e-11,2.65585465193023,0.967036679485888,0.055760687182092,0.422522921001217,0.949671592008509,0.260502939733467,-0.208640767947886,0.979180442953242,0.349443727836969,0.156588564555794,0.998682844793179,0.00750569992014826,-0.546205399907985,0.958428402785477,0.710312900504048,-0.0697827876727759
CHOYP_COCA1.3.6.m.49360,PropTest,0.016030549621747,0.000151217315359003,-2.09764430821952,0.967036679485888,0.925573142744446,0.134720610018482,0.949671592008509,0.874920628020413,0.226860833890674,0.979180442953242,0.972531914860765,0.0496733606392824,0.998682844793179,0.998682844793179,-0.00238159398031423,0.958428402785477,0.801506570364873,-0.361738802809079
CHOYP_contig_008261.m.9575,PropTest,0.0121788674059575,0.00010413214932794,-3.34312034266901,0.967036679485888,0.925573142744446,0.134720610018482,0.949671592008509,0.874920628020413,0.226860833890674,0.979180442953242,0.972531914860765,0.0496733606392824,0.998682844793179,0.998682844793179,-0.00238159398031423,0.958428402785477,0.801506570364873,-0.361738802809079
CHOYP_contig_010181.m.11866,PropTest,0.016030549621747,0.000152068090277144,-2.22382141429666,0.967036679485888,0.0798134928913738,-1.86527938998152,0.949671592008509,0.874920628020413,0.226860833890674,0.979180442953242,0.972531914860765,0.0496733606392824,0.998682844793179,0.653385218518997,-0.587344094701471,0.958428402785477,0.86527297019989,0.223223697912077
CHOYP_contig_016017.m.18760,PropTest,0.979445546193914,0.573924464837186,0.156112284026265,0.967036679485888,0.307927114484076,-0.35070621715176,0.949671592008509,0.463083943737191,-0.225651370806832,0.979180442953242,0.0279274529728446,0.690130973952142,0.998682844793179,0.335305789654765,0.338655323854752,0.0771960018524705,0.000310608834311462,1.41962091071558
CHOYP_contig_023655.m.26913,PropTest,0.00568837983772563,3.86234768310303e-05,-3.47436487594726,0.967036679485888,0.925573142744446,0.134720610018482,0.949671592008509,0.874920628020413,0.226860833890674,0.979180442953242,0.972531914860765,0.0496733606392824,0.998682844793179,0.998682844793179,-0.00238159398031423,0.958428402785477,0.801506570364873,-0.361738802809079
CHOYP_contig_024424.m.27774,PropTest,5.38037737658048e-06,9.62385547544847e-09,-2.20953718829041,0.967036679485888,0.0844860421766584,-1.03520439142383,0.949671592008509,0.151077946077607,-1.58049408816693,0.979180442953242,0.524065493502585,0.535100187809524,0.998682844793179,0.407048684103461,0.675690311132323,0.978007666549162,0.967186004955257,-0.0398107079217165
CHOYP_contig_025149.m.28635,PropTest,0.000938919233979696,3.89826673434534e-06,-2.57529378479804,0.967036679485888,0.175634379104831,-1.28031688926036,0.949671592008509,0.874920628020413,0.226860833890674,0.979180442953242,0.972531914860765,0.0496733606392824,0.998682844793179,0.998682844793179,-0.00238159398031423,0.958428402785477,0.86527297019989,0.223223697912077
CHOYP_contig_026106.m.29754,PropTest,0.0962549751687834,0.00124621011214848,-2.95080291989025,0.967036679485888,0.925573142744446,0.134720610018482,0.949671592008509,0.874920628020413,0.226860833890674,0.979180442953242,0.972531914860765,0.0496733606392824,0.998682844793179,0.998682844793179,-0.00238159398031423,0.958428402785477,0.801506570364873,-0.361738802809079
CHOYP_contig_039366.m.44569,PropTest,0.00128604208195042,6.3065058715034e-06,3.69305326988448,0.967036679485888,0.846646782043254,0.0781370816521143,0.949671592008509,0.593440009378961,0.226860833890673,0.979180442953242,0.600481636116672,-0.239833256555702,0.998682844793179,0.865522476737602,0.0850812472700251,0.958428402785477,0.720359937659712,0.185748992493414
CHOYP_contig_041958.m.48141,PropTest,0.979445546193914,0.203759242126264,0.411767159494462,0.967036679485888,0.507889404362385,0.153336288185828,0.949671592008509,0.17930934154504,0.29320332871937,0.979180442953242,0.289736380585598,0.262217996019383,0.998682844793179,0.924214947381079,-0.0234432095081445,0.0781513814965206,0.000343932899833801,0.901295603024715
CHOYP_contig_052416.m.62821,PropTest,0.00172674367642452,9.336096829656e-06,2.37112517499712,0.967036679485888,0.540504579421476,0.260251492102341,0.949671592008509,0.864866477077645,-0.0950672609966889,0.979180442953242,0.67187442073964,0.464710859918126,0.998682844793179,0.206830293546138,1.22001082735613,0.958428402785477,0.0584651276383694,1.96018929207828
CHOYP_DDB_G0275195.1.1.m.47584,PropTest,0.979445546193914,0.131530072918802,-0.602879616469939,0.967036679485888,0.268734407935614,-0.630814136344495,0.949671592008509,0.307748262163964,-0.995531587445774,0.979180442953242,0.956581460547104,0.0496733606392823,0.998682844793179,0.195584358896364,-1.00238159398031,1.28643334356125e-07,6.4701790195461e-11,-4.60966631625267
CHOYP_DFA_06569.1.1.m.9782,PropTest,2.54402504450246e-08,2.55905951917763e-11,-1.665400701028,0.967036679485888,0.00775695692942841,-2.56571910812261,0.949671592008509,0.874920628020413,0.226860833890674,0.979180442953242,0.966361784226244,0.0496733606392825,0.998682844793179,0.41536664699553,0.997618406019686,0.958428402785477,0.801506570364873,-0.361738802809079
CHOYP_DHTK1.1.1.m.8425,PropTest,0.979445546193914,0.765393430300285,-0.120727921332559,0.968445154782474,0.928504250624465,-0.0458516356233392,0.949671592008509,0.320293818109659,-0.666223962192814,0.979180442953242,0.413585273244304,-0.535289140081874,0.998682844793179,0.634840064262156,-0.324309688867677,0.0810511318510719,0.000366885545912057,-2.16909372486668
CHOYP_DNAH12.2.3.m.32353,PropTest,0.0156697300914678,0.00014383129594834,-1.47804992275511,0.967036679485888,0.540107397331553,0.255014843736194,0.949671592008509,0.7050779662074,0.162730496470957,0.979180442953242,0.218574761989208,-0.60240333594041,0.998682844793179,0.861062517852596,0.0907278104111673,0.958428402785477,0.275611906434735,-0.522203475002326
CHOYP_DNAH5.1.2.m.56799,PropTest,0.0122613163533607,0.000107920551330975,-0.718142163099971,0.967036679485888,0.1366130156108,-0.335909215223679,0.949671592008509,0.176484565496559,-0.325680189138105,0.000142895413792934,5.39024571078588e-08,-2.06580385678065,0.998682844793179,0.00523207467294877,0.860114882269751,0.958428402785477,0.467552218425542,-0.212875416894597
CHOYP_DNAH5.2.2.m.61452,PropTest,1.29886593001976e-05,2.61308372693526e-08,-0.889402375226103,0.967036679485888,0.167179039493836,-0.269001576032528,0.949671592008509,0.0949021186035108,-0.335559098179393,0.00279334465085504,2.1073894008714e-06,-1.34887601585099,0.998682844793179,0.00623465373270369,0.689496110657354,0.958428402785477,0.321831009119856,-0.239748278430469
CHOYP_DNAH6.2.3.m.21512,PropTest,0.00239288643700569,1.38404094181141e-05,-1.51268180749836,0.967036679485888,0.501449917864921,-0.252302513090766,0.949671592008509,0.322054238590684,-0.440563827022455,0.979180442953242,0.0179993960109887,-1.53528914008187,0.998682844793179,0.240973847276633,0.675690311132323,0.958428402785477,0.646084951381168,-0.254823598892568
CHOYP_DNAH7.2.2.m.46648,PropTest,0.00162990694313556,8.60758098977662e-06,-1.01273066903345,0.967036679485888,0.751632874042937,-0.0839196764568584,0.949671592008509,0.801288681767816,0.069319556904194,0.0998885450070142,0.000268170376491217,-1.5028676623895,0.998682844793179,0.0361810200435637,0.814754348869875,0.958428402785477,0.513259481724505,-0.213640163819946
CHOYP_DYH1.1.1.m.46156,PropTest,4.20364227124027e-05,8.98552981404307e-08,-1.78730418760737,0.967036679485888,0.422312732102141,-0.330942962330329,0.949671592008509,0.243339763849403,-0.528026668272795,0.979180442953242,0.0425682083313201,-1.1982541528043,0.998682844793179,0.0593525776084209,1.07562091802096,0.958428402785477,0.304276303144564,-0.602746902312874
CHOYP_DYH2.1.1.m.28905,PropTest,0.000626665089178124,2.20628976448981e-06,-1.5357654206114,0.967036679485888,0.407128743809006,-0.292700613716194,0.983037974432137,0.961382086464744,-0.0182516639458576,0.979180442953242,0.0609623016949404,-1.12025164080303,0.998682844793179,0.566579757899721,0.319546500907048,0.958428402785477,0.215548342850546,-0.661299084667987
CHOYP_DYHC.1.3.m.10664,PropTest,4.27575411226174e-07,5.91390610271334e-10,-0.858290781100709,0.967036679485888,0.639325401541718,0.074057828111858,0.964379727665063,0.897201760969924,-0.021066679552912,0.299425669831228,0.00161892415475202,-0.656595436304007,0.998682844793179,0.00867922254936423,0.516992565113265,0.50688713530372,0.00447741417673182,-0.536068983371393
CHOYP_EF1A.2.4.m.50858,PropTest,0.0292349727172184,0.000319809207393185,0.288519897396078,0.967036679485888,0.317773237682133,0.0795227895659618,0.949671592008509,0.0556453405340283,0.16195357101569,0.0658952685155962,0.000111559218366119,0.30747111810693,0.998682844793179,0.0688774806709397,-0.141493473572288,0.958428402785477,0.0616828510551884,-0.150900608100713
CHOYP_EF1A2.1.3.m.30022,PropTest,0.0121788674059575,0.000102805538399222,0.529190021229367,0.967036679485888,0.614095430277448,-0.0658123773542272,0.949671592008509,0.0809775467336234,0.257075446937681,0.209911026175075,0.000976575879350907,0.45156976023006,0.998682844793179,0.308082273246331,-0.133626127258568,0.963455877066767,0.87667482760767,0.0196903038269447
CHOYP_EF2.4.5.m.30186,PropTest,0.218815606576183,0.0034183667390023,0.328173029812569,0.967036679485888,0.508218336022305,0.0658438054606858,0.949671592008509,0.432857561327521,-0.0890851029815636,0.0153224636985371,1.73396420579447e-05,-0.439418231518255,0.998682844793179,0.0511432263175813,-0.216825262201271,0.958428402785477,0.0743433218446214,-0.2035387609523
CHOYP_EHI_072050.5.8.m.47580,PropTest,0.979445546193914,0.795109370320718,-0.0976443082195173,0.967036679485888,0.886493518826828,0.0643312821270836,0.958550978126798,0.88724942965506,0.0893573101407386,0.979180442953242,0.18519830779373,-1.12025164080303,0.998682844793179,0.0490869310599577,-1.32430968886768,1.3261434859602e-09,5.00242733293173e-13,-3.21971979793665
CHOYP_ELDP2.1.2.m.39081,PropTest,0.0271638726130087,0.000293737337447347,2.31223148594355,0.979800274196179,0.952819073462491,0.0236892976297378,0.949671592008509,0.653799905845076,0.174393413996539,0.979180442953242,0.455092852185147,-0.312896718745426,0.998682844793179,0.881828919203453,-0.0612752830338827,0.958428402785477,0.610722479455515,0.223223697912077
CHOYP_FASN.3.4.m.60278,PropTest,0.979445546193914,0.0607425171980968,-0.535765420611402,0.0927801726500003,4.66642387275244e-05,-1.59319984454472,0.274140615014785,0.000517051329714796,-1.38784901022453,0.0626016423911917,8.65859507485362e-05,-1.3908992307467,0.998682844793179,0.0824853015696105,-1.00238159398031,0.958428402785477,0.0443237350959119,-1.12727354917206
CHOYP_FND2.3.4.m.40482,PropTest,0.00225418447939395,1.27547216864992e-05,2.04919708010975,0.967036679485888,0.138961898282837,0.436376309879583,0.949671592008509,0.832961294242876,0.0645894049917963,0.979180442953242,0.556480155036971,0.180917893917536,0.998682844793179,0.502739468141315,-0.213885699174027,0.958428402785477,0.550899426148141,0.206544956765446
CHOYP_GIGA2.1.1.m.44916,PropTest,0.00289250440400746,1.81849893374039e-05,3.57275903616677,0.967036679485888,0.893094332545274,-0.0579244679239137,0.949671592008509,0.202148490856487,-0.609640433826447,0.979180442953242,0.0352725849255959,-1.00477442338309,0.998682844793179,0.876831555146214,0.071618987463463,0.958428402785477,0.249440299780232,0.638261197190921
CHOYP_GIGA6.1.1.m.38687,PropTest,5.38037737658048e-06,1.01478260591861e-08,2.27949469953155,0.967036679485888,0.289119168409457,0.262099916494709,0.949671592008509,0.57232692894334,0.140704190140959,0.979180442953242,0.0975303325451573,0.384092399709842,0.998682844793179,0.855282443137651,-0.0454503158722002,0.958428402785477,0.439685735577092,0.203858373045145
CHOYP_GST7.1.1.m.59335,PropTest,0.0855117317828399,0.00108050757793237,-0.913328214471584,0.967036679485888,0.0779449370570625,-0.524242472146451,0.949671592008509,0.756837444976897,-0.117093567326688,0.979180442953242,0.288052487773998,-0.409758257998015,0.998682844793179,0.753532237697408,-0.139885117730249,0.958428402785477,0.739375374451506,-0.150234697615367
CHOYP_HMCN1.19.44.m.39500,PropTest,2.79528793489781e-13,1.40590365140088e-16,3.82178658400668,0.967036679485888,0.801047052597785,0.0506563452300073,0.949671592008509,0.644316312775468,0.0949491583850923,0.979180442953242,0.0914957835895844,-0.375211924595908,0.998682844793179,0.637425996025622,-0.125764009485597,0.942021846210264,0.0131477964201357,0.716263709192194
CHOYP_HMCN1.23.44.m.42684,PropTest,3.53286159986055e-32,4.44217477663844e-36,4.49214057595848,0.967036679485888,0.715040222662129,0.0500234454432,0.966917060438457,0.903184854973576,0.01701366587334,0.979180442953242,0.421014521780725,-0.116004669702844,0.998682844793179,0.273020333771487,-0.180024508583464,0.0127445187107268,2.4037191080209e-05,0.781852050819771
CHOYP_HMCN1.28.44.m.47379,PropTest,0.979445546193914,0.627384649959207,0.63415958083091,0.967036679485888,0.0705069094120963,1.94207553207609,0.949671592008509,0.812202925930794,0.127325160339759,0.401193050707441,0.00252227493214787,1.20167645408433,0.998682844793179,0.00830113222593283,0.997618406019686,0.059274789634321,0.000223594076327126,1.29033789377061
CHOYP_HMCN2.9.12.m.44986,PropTest,0.000106126986288289,2.66885417548823e-07,2.97519649866598,0.988646528398825,0.975647829963364,0.00918972793462292,0.949671592008509,0.0716910779321798,0.541734171244086,0.979180442953242,0.145311338635982,-0.487983425303517,0.998682844793179,0.684653984598458,0.161117138302565,0.958428402785477,0.206840269900451,0.472251245751991
CHOYP_HSP7D.2.3.m.34782,PropTest,0.979445546193914,0.260507696091717,0.174727962193613,0.967036679485888,0.778422949882005,0.0394136499227544,0.00732111372322037,7.36437945250383e-06,0.695247757762452,0.979180442953242,0.0575116352315743,0.26379816599213,0.998682844793179,0.0792822895669563,-0.244515919178218,0.958428402785477,0.0166729636591359,0.350821478688849
CHOYP_ISCW_ISCW000210.4.4.m.38490,PropTest,0.979445546193914,0.908997150584172,-0.0267517731235447,0.967036679485888,0.668755754510274,0.111261637194493,0.949671592008509,0.321125864870172,-0.266953778772287,0.979180442953242,0.0584045663513801,0.491677907518396,0.998682844793179,0.0809484734766446,0.445077382990907,0.059274789634321,0.000206204224718207,1.08120469303965
CHOYP_KCP.8.13.m.40457,PropTest,0.00128604208195042,6.3065058715034e-06,3.69305326988448,0.967036679485888,0.470971794144965,-0.35070621715176,0.949671592008509,0.673278520299666,0.170277305524307,0.979180442953242,0.210056881678785,0.515336932988094,0.998682844793179,0.10364366499229,-0.779989172643867,0.963455877066767,0.876687390465801,0.0788337885769024
CHOYP_LDLR.6.7.m.57984,PropTest,0.400595585580515,0.00911997616400993,0.58452881310631,0.967036679485888,0.380062063113843,0.156916356132679,0.949671592008509,0.0223180118817373,-0.412549450852858,0.00279334465085504,1.87957717589423e-06,-0.691010521773033,0.998682844793179,0.0615955834004758,-0.313421372724941,0.958428402785477,0.290966374832614,-0.22276238966027
CHOYP_LINJ_09_0950.1.1.m.64023,PropTest,0.979445546193914,0.0483954112040887,0.435088233729081,0.967036679485888,0.133208906924457,0.286723703463531,0.949671592008509,0.239332048009333,0.241507609855075,0.0658952685155962,0.000132569382151332,-0.809728309187917,0.998682844793179,0.781293722740772,-0.0716442564174287,0.978007666549162,0.913961081510688,0.0215898367424261
CHOYP_LOAG_01021.1.4.m.1826,PropTest,0.000630275725541503,2.29825173402535e-06,-1.65124263803134,0.967036679485888,0.0457926844017775,-1.06691325115117,0.958550978126798,0.889489025345878,-0.0950672609966885,0.979180442953242,0.539658391547252,-0.409758257998015,0.998682844793179,0.180893395393236,0.890703202103174,0.958428402785477,0.699941847877536,0.316333102303558
CHOYP_LOC100030437.1.3.m.5994,PropTest,0.0025292808820627,1.52653693372324e-05,1.69305326988448,0.967036679485888,0.737837763050245,0.0874148952401246,0.949671592008509,0.399174436300863,0.206102273723877,0.979180442953242,0.299040444066299,-0.236235511447099,0.998682844793179,0.625798720659457,-0.134831890003964,0.958428402785477,0.858830818053629,0.0421581388645649
CHOYP_LOC100175722.1.3.m.11427,PropTest,0.0855117317828399,0.00108596566202274,-1.27273101477761,0.967036679485888,0.0502284048212602,-2.03520439142383,0.949671592008509,0.874920628020413,0.226860833890674,0.979180442953242,0.972531914860765,0.0496733606392824,0.998682844793179,0.998682844793179,-0.00238159398031423,0.958428402785477,0.801506570364873,-0.361738802809079
CHOYP_LOC100197130.2.2.m.39076,PropTest,0.000277944267363695,8.73708875153071e-07,0.914895988398163,0.967036679485888,0.135865317628146,0.211963608950942,0.949671592008509,0.177905151767579,0.203144764916866,0.979180442953242,0.926594473594631,0.0133315135755625,0.998682844793179,0.300059658066227,0.157194719169537,0.958428402785477,0.245288216106848,0.195592578934886
CHOYP_LOC100211409.1.1.m.4742,PropTest,0.621884236924047,0.0185321971772915,0.856552002167358,0.967036679485888,0.0298987533626953,0.820612019590419,0.692168753464711,0.00182768060137796,1.4333117113581,0.0354252724983383,4.45432824070644e-05,1.87564396086423,0.998682844793179,0.0198381315737029,0.95697642152234,0.958428402785477,0.0905751466092332,0.524604415395354
CHOYP_LOC100367739.1.1.m.22741,PropTest,0.0635182493675882,0.000766723492932034,-1.30443987450495,0.967036679485888,0.665098170250845,-0.187207484868881,0.949671592008509,0.826145637362735,0.0956163006124209,0.979180442953242,0.683246073749531,0.169967594356994,0.998682844793179,0.781751617172221,0.113095623439621,0.958428402785477,0.844805319142832,-0.0987043969752852
CHOYP_LOC100369657.2.2.m.45309,PropTest,0.227354090423783,0.00371633745191649,2.37112517499712,0.967036679485888,0.433282698548327,-0.268635084212726,0.768715684514548,0.00212646109132655,-0.953711411751147,0.0998885450070142,0.000273939062998646,-1.21336104519451,0.998682844793179,0.00889227256133052,-1.08484375417229,0.162850725132297,0.000969235593879823,-1.68366689769644
CHOYP_LOC100369839.2.4.m.27857,PropTest,0.0320610241459941,0.000358786765873692,-2.47436487594726,0.967036679485888,0.731400300612477,-0.450241890702674,0.949671592008509,0.874920628020413,0.226860833890674,0.979180442953242,0.972531914860765,0.0496733606392824,0.998682844793179,0.656050189457452,0.582580906740842,0.958428402785477,0.60652996605683,0.638261197190921
CHOYP_LOC100371909.1.1.m.30745,PropTest,0.00729505179394603,5.04498740936793e-05,-1.16712082681701,0.967036679485888,0.549415999660688,-0.195427991673848,0.981112629067225,0.944103476707088,-0.026895758355109,0.979180442953242,0.146696959520627,-0.60928972152565,0.998682844793179,0.0114411880046676,1.14445979434896,0.958428402785477,0.573584676951279,0.223223697912077
CHOYP_LOC100372473.2.5.m.35440,PropTest,0.979445546193914,0.179555156778939,-0.950802919890247,0.979800274196179,0.959945828138802,-0.0352043914238305,0.949671592008509,0.556951020007096,0.641898333169518,0.979180442953242,0.438661056454689,-0.950326639360718,0.998682844793179,0.998682844793179,-0.00238159398031423,0.0376903171714381,0.00011373916913297,-3.36173880280908
CHOYP_LOC100372473.3.5.m.39839,PropTest,0.979445546193914,0.0424818031041,-1.19873043333383,0.967036679485888,0.658962760485775,-0.280316889260362,0.949671592008509,0.556951020007096,0.641898333169518,0.979180442953242,0.438661056454689,-0.950326639360718,0.998682844793179,0.998682844793179,-0.00238159398031423,0.0234999119010819,5.90969744777616e-05,-3.44920164405942
CHOYP_LOC100374422.1.2.m.26376,PropTest,1.39276303050154e-07,1.75124233685596e-10,-1.78537931068287,0.967036679485888,0.561361798756578,-0.18720748486888,0.949671592008509,0.49988561222605,-0.237086265869117,0.0690672125987501,0.000147635183475261,-1.99472075871917,0.998682844793179,0.222174368494026,0.734584000185892,0.958428402785477,0.29549934336988,-0.568189680276506
CHOYP_LOC100374495.1.1.m.55368,PropTest,0.00351668294895788,2.25513429393753e-05,-1.42724096383323,0.967036679485888,0.86503200996182,-0.0767834951752295,0.949671592008509,0.818707327144373,-0.114176083944393,0.979180442953242,0.339658541377817,-0.42425782769313,0.998682844793179,0.618301689023598,-0.236846847617337,0.958428402785477,0.263817683822817,0.531345993274409
CHOYP_LOC100375784.2.6.m.7640,PropTest,0.0787520489530715,0.000970413780636365,-1.20234168688621,0.967036679485888,0.665098170250845,-0.187207484868881,0.949671592008509,0.499254518389973,-0.325680189138105,0.0658952685155962,0.000125396444915888,-2.88892609469657,0.998682844793179,0.318500494585654,0.997618406019686,0.958428402785477,0.787197312788728,0.1687759138897
CHOYP_LOC100375784.4.6.m.27594,PropTest,0.0382353709526609,0.000432689976831319,-1.38690203469692,0.967036679485888,0.492385804338574,-0.324711008618815,0.949671592008509,0.611775185639924,-0.27563950663851,0.208458168164983,0.000864971652136859,-2.61329165208315,0.998682844793179,0.318500494585654,0.997618406019686,0.958428402785477,0.600501172187422,0.338700915332013
CHOYP_LOC100377173.1.2.m.37698,PropTest,0.00811846987006872,6.14545884886938e-05,-2.32003672955596,0.967036679485888,0.311744791356688,-1.18720748486888,0.949671592008509,0.752889846339758,0.226860833890674,0.979180442953242,0.276362315184166,-1.27225473424808,0.998682844793179,0.656050189457452,0.582580906740842,0.958428402785477,0.801506570364873,-0.361738802809079
CHOYP_LOC100377173.1.2.m.37699,PropTest,0.337501345756319,0.00681256975491637,0.985066742690038,0.967036679485888,0.0177175483043408,0.942075532076086,0.829834004570872,0.0023998720112071,1.44925325522712,0.0658952685155962,0.000121445800842704,1.85702828269689,0.998682844793179,0.0712674143741488,0.80497332807729,0.958428402785477,0.0155152015146622,0.785102585520192
CHOYP_LOC100377364.1.2.m.4828,PropTest,0.0655034294483349,0.000798922753236324,0.869647659779042,0.967036679485888,0.171172140409734,0.264781150582855,0.983037974432137,0.955281509063109,-0.0116512528090507,0.979180442953242,0.462566296982712,0.147284157265704,0.998682844793179,0.177226458718957,0.265551611266318,0.958428402785477,0.071737863276722,0.364500384764068
CHOYP_LOC100377364.2.2.m.52803,PropTest,0.00225418447939395,1.26517951618688e-05,0.998571007039785,0.967036679485888,0.167185252284388,0.237082327648159,0.987268607212564,0.972441245948589,0.00617271876647418,0.979180442953242,0.728101463543053,0.060015304860741,0.998682844793179,0.172557414242974,0.236023145344764,0.958428402785477,0.0221140036516166,0.399073533311495
CHOYP_LOC100377856.1.2.m.13657,PropTest,0.979445546193914,0.346668671604317,-0.238084871970717,0.967036679485888,0.725478758942928,-0.0955770094033124,0.949671592008509,0.408430611916736,-0.253132107228939,0.979180442953242,0.500289070617491,0.195524227102737,0.998682844793179,0.188688890148454,0.360188485404394,0.059274789634321,0.000223594076327126,1.29033789377061
CHOYP_LOC100377856.2.2.m.43339,PropTest,0.979445546193914,0.416326506314207,-0.198730433333832,0.967036679485888,0.617024335540119,-0.132759700846504,0.949671592008509,0.312747565412627,-0.306571366190401,0.979180442953242,0.395037251323745,0.235229013795359,0.998682844793179,0.17544264323543,0.357160792706826,0.021525509909149,5.14252091379142e-05,1.39569089391684
CHOYP_LOC100378255.1.1.m.63185,PropTest,0.00505324705544778,3.36756059271636e-05,-2.75815784194785,0.967036679485888,0.106531929055096,1.13472061001848,0.949671592008509,0.423356586389442,0.516367451085659,0.979180442953242,0.438661056454689,-0.950326639360718,0.998682844793179,0.707075519749354,0.412655905298529,0.958428402785477,0.475527253760077,-0.776776302087923
CHOYP_LOC100485383.1.1.m.52650,PropTest,0.979445546193914,0.164487386847374,-0.516400095744471,0.967036679485888,0.546466099728211,-0.305851981367499,0.949671592008509,0.319524459589331,0.574784137310981,0.979180442953242,0.253489678311759,-0.824795757276858,0.998682844793179,0.369100977881981,-0.587344094701471,0.000765777046391969,1.05916603926967e-06,-2.18770940303403
CHOYP_LOC100485485.1.1.m.27961,PropTest,0.00811846987006872,6.22691640983518e-05,-2.1878421171911,0.967036679485888,0.925573142744446,0.134720610018482,0.949671592008509,0.874920628020413,0.226860833890674,0.979180442953242,0.972531914860765,0.0496733606392824,0.998682844793179,0.998682844793179,-0.00238159398031423,0.958428402785477,0.801506570364873,-0.361738802809079
CHOYP_LOC100486063.5.9.m.39538,PropTest,5.19912934310102e-05,1.17671731643177e-07,1.93901416235933,0.967036679485888,0.368501399556748,0.211682591833366,0.949671592008509,0.633925516727973,0.101329951806814,0.979180442953242,0.618419966123772,-0.0980802598044095,0.998682844793179,0.104708342007003,-0.37923589937127,0.999087702201721,0.996838484516998,0.00083127657562887
CHOYP_LOC100486063.6.9.m.44250,PropTest,0.000172089839947267,5.02008582174162e-07,2.37112517499712,0.967036679485888,0.383800638679837,0.241635813934994,0.949671592008509,0.750368724785126,-0.0803206756275019,0.992513888794731,0.991141117164309,0.00236764586092608,0.998682844793179,0.288150623181675,-0.269485664123156,0.958428402785477,0.739411928186063,-0.0803258676604299
CHOYP_LOC100497129.3.8.m.32060,PropTest,3.76215518023051e-13,2.36524278902962e-16,-1.5357654206114,0.454215652639422,0.000514012432258871,-1.19969842905208,0.949671592008509,0.462846971829147,-0.266179177389443,0.979180442953242,0.485898358235214,0.215683312078212,0.998682844793179,0.805690140017686,-0.0848437541722875,0.978007666549162,0.956932922481609,0.0215898367424261
CHOYP_LOC100497129.6.8.m.41866,PropTest,2.68406727370453e-14,6.74982339671704e-18,-1.8078449660482,0.0201864498532799,5.0764365279215e-06,-2.18720748486888,0.949671592008509,0.276440337553554,-0.510104760275532,0.979180442953242,0.792881850907917,0.102140780533418,0.998682844793179,0.995631122461188,-0.00238159398031446,0.958428402785477,0.704390073090427,0.223223697912077
CHOYP_LOC100497129.7.8.m.41875,PropTest,2.99565998919555e-14,1.13001131240873e-17,-1.58115732342542,0.345015840591738,0.000303672939034599,-1.26382876647179,0.949671592008509,0.399571727612772,-0.303653882808106,0.979180442953242,0.629554849182209,0.149209034190197,0.998682844793179,0.808203057360566,-0.0825519426642973,0.958428402785477,0.83231379020977,0.0857201741621418
CHOYP_LOC100538313.1.1.m.64152,PropTest,4.54908412778176e-10,4.00397194699765e-13,2.78616267427596,0.967036679485888,0.0127554998513249,0.50447722999646,0.949671592008509,0.489329949078705,-0.121062469529633,0.979180442953242,0.556613887474258,0.0949026146322804,0.998682844793179,0.0160269351667073,-0.465948987186817,0.958428402785477,0.283423026211502,-0.193139198833334
CHOYP_LOC100548534.1.1.m.26484,PropTest,0.0262870079650156,0.00028095004111987,-3.19873043333383,0.967036679485888,0.925573142744446,0.134720610018482,0.949671592008509,0.874920628020413,0.226860833890674,0.979180442953242,0.972531914860765,0.0496733606392824,0.998682844793179,0.998682844793179,-0.00238159398031423,0.958428402785477,0.801506570364873,-0.361738802809079
CHOYP_LOC100567114.1.1.m.39091,PropTest,0.00128604208195042,6.3065058715034e-06,3.69305326988448,0.967036679485888,0.861705140027786,0.0733200653543387,0.974851250788574,0.936729945747049,0.0342157559482779,0.979180442953242,0.415384224050076,-0.365364138639561,0.998682844793179,0.501791936222026,-0.324309688867676,0.978007666549162,0.937927801916777,0.0341898735220596
CHOYP_LOC100636340.1.4.m.5143,PropTest,0.982594375711283,0.977158168930031,0.00966871592311591,0.967036679485888,0.635595069476404,-0.16784216000195,0.949671592008509,0.434009913376005,0.26750281838802,0.886027110037934,0.0111407910227327,-1.07960965630568,0.998682844793179,0.00921231395079957,-1.13988511773025,0.0376903171714381,0.000109168342333498,-1.51374189625413
CHOYP_LOC100636493.1.1.m.65727,PropTest,0.00151959358888285,7.83394154962869e-06,0.513010094173932,0.967036679485888,0.845681984706731,0.0192433925985451,0.949671592008509,0.708726278722289,0.0369369671434079,0.209911026175075,0.000972357165433703,-0.352794042920662,0.998682844793179,0.604034399789447,0.0575609464759683,0.958428402785477,0.543088954695387,-0.0632153122566592
CHOYP_LOC100699383.1.1.m.63490,PropTest,0.979445546193914,0.409813199332488,0.216307065945012,0.967036679485888,0.518431862580175,0.154620167456186,0.949671592008509,0.655150314221359,-0.125440910040208,0.0118297110458932,1.1899621321155e-05,0.875175629407146,0.998682844793179,0.69664890518186,-0.0705530966218939,0.958428402785477,0.556286982953464,0.174314097431131
CHOYP_LOC100709262.1.2.m.17960,PropTest,0.025117976695719,0.000265297377397258,1.47546183481185,0.967036679485888,0.384292913149846,0.243654981571646,0.949671592008509,0.380669983000066,0.226860833890674,0.979180442953242,0.117626077348525,-0.383286046636824,0.998682844793179,0.467603886877884,-0.215375317314512,0.962978857681973,0.873376901855913,-0.0398107079217169
CHOYP_LOC100875585.1.1.m.8714,PropTest,0.979445546193914,0.214899660192954,-0.253365689910678,0.967036679485888,0.113497033775785,0.397755015852276,0.949671592008509,0.556824470869944,0.108540866701913,0.979180442953242,0.0337480716834679,-0.430952480267138,0.0152987241870873,3.84728383932789e-06,-1.34223159686494,0.958428402785477,0.193952015961391,-0.304405627743128
CHOYP_LOC100890099.1.1.m.11505,PropTest,0.979445546193914,0.737510671632309,0.0326711830188735,0.967036679485888,0.0288383799665497,-0.232788519177776,2.00530832178175e-08,2.52144891460046e-12,-0.829592434438507,0.979180442953242,0.360820019925918,0.0917988363119591,0.998682844793179,0.503981283470143,0.0664952105774823,0.958428402785477,0.111849919614326,-0.152100653953378
CHOYP_LOC100929680.1.2.m.17333,PropTest,0.000694093328081011,2.61823209385519e-06,1.13326134489823,0.967036679485888,0.0117743136814898,0.492272614636566,0.979905716598659,0.942208058799703,0.0187526385604739,0.82596031945856,0.00928444532453819,-0.494647155584527,0.998682844793179,0.0912281455931708,-0.373475745671562,0.958428402785477,0.782884762404342,-0.0680075997523693
CHOYP_LOC101068378.3.3.m.29759,PropTest,0.0302141297774642,0.000334319554937363,1.83346838905432,0.967036679485888,0.220424963679957,0.42012282888073,0.949671592008509,0.855853324850818,0.0569358324483611,0.979180442953242,0.848611083108569,-0.0628013686191302,0.998682844793179,0.800325652690347,-0.0898444352306536,0.958428402785477,0.56193170817772,-0.241444569091367
CHOYP_LOC101072646.1.1.m.8800,PropTest,0.979445546193914,0.563225804719152,0.172053827895287,0.967036679485888,0.161772581863351,0.341171487485908,0.949671592008509,0.0211290140444499,0.58379537860595,0.85511025539621,0.00999940321285647,-0.638382633045977,0.0152987241870873,3.1510532027809e-06,-1.3701133784808,0.958428402785477,0.500526448804386,-0.217348893473905
CHOYP_LOC101169658.2.3.m.20752,PropTest,0.17457125368827,0.0025681927174057,1.76540411410916,0.0396444890950071,1.49545413410061e-05,1.21066946325178,0.0360180644487486,4.98175165266232e-05,0.721625525640252,0.00033714960355367,1.69571031587411e-07,0.841868475525882,0.998682844793179,0.0807620356875884,0.24027373124864,0.000994083722484054,1.49993771781826e-06,0.675255404673123
CHOYP_LOC101173335.2.4.m.33982,PropTest,3.78575968087434e-10,2.85609934430353e-13,2.41843088977547,0.967036679485888,0.0316156294777993,0.402200920883468,0.949671592008509,0.870630778568402,-0.0254128771053352,0.979180442953242,0.932617271468333,0.0123923445598235,0.998682844793179,0.00321191533144858,-0.536063589757777,0.958428402785477,0.560539194485545,-0.0923489019354617
CHOYP_LOC101242248.1.2.m.24785,PropTest,0.0397751974017375,0.000455116680945318,-1.71633766625322,0.967036679485888,0.657267238615366,-0.227849469366226,0.949671592008509,0.829041633815786,0.119945629974162,0.979180442953242,0.179780366805469,-0.950326639360717,0.998682844793179,0.493546834269406,0.457050024656983,0.963455877066767,0.883552405860787,0.123688024361162
CHOYP_LOC579012.1.1.m.10830,PropTest,0.0126845135660114,0.000113240344924784,-1.72339242378717,0.967036679485888,0.564765046674567,-0.602244984147724,0.949671592008509,0.636795041858117,-0.358101666830482,0.979180442953242,0.563183983805041,-0.535289140081874,0.998682844793179,0.998682844793179,-0.00238159398031423,0.958428402785477,0.464284782848224,-0.946701303530236
CHOYP_LOC581183.1.1.m.49767,PropTest,0.00133982742021886,6.73872712294161e-06,-2.27273101477761,0.967036679485888,0.627355165862806,-0.450241890702674,0.949671592008509,0.531155711953646,-0.773139166109326,0.979180442953242,0.961161606221276,0.0496733606392825,0.998682844793179,0.99813724555608,-0.00238159398031423,0.958428402785477,0.722190087725148,-0.361738802809079
CHOYP_LOC584364.2.2.m.57790,PropTest,0.000761925589512445,3.03394681956242e-06,-0.606848518672884,0.967036679485888,0.138413787723161,-0.229943366745243,0.949671592008509,0.0235205481353066,-0.361659486243672,0.797033991259199,0.0076426575164452,-0.460001012777637,0.998682844793179,0.19799713218541,0.230279162809961,0.958428402785477,0.464338251006719,0.122076974455178
CHOYP_LOC587133.1.1.m.61281,PropTest,0.172609291864779,0.00247421844242234,-0.67459312530872,0.967036679485888,0.516889334367204,-0.125931144504317,0.949671592008509,0.477185380324823,0.158148083806659,0.979180442953242,0.306221638435546,0.209330026627768,0.998682844793179,0.842350129602374,0.0402627434281797,0.0139087750866788,2.97308156008475e-05,0.889799964186885
CHOYP_LOC587610.3.3.m.27175,PropTest,0.0962549751687834,0.0012466066191858,1.68662700072505,0.967036679485888,0.621038329304545,-0.16226112773865,0.949671592008509,0.498306362298289,0.226860833890674,0.979180442953242,0.256265231322104,0.356334698873335,0.998682844793179,0.928146798759704,0.0256327821892821,0.958428402785477,0.856338808676864,0.0532986964697644
CHOYP_LOC752782.1.1.m.53937,PropTest,0.979445546193914,0.426493632679229,0.0659867380736046,0.967036679485888,0.310405811592796,-0.0902140058804193,8.00802021814919e-05,4.02767268610546e-08,-0.517125187953306,0.979180442953242,0.132824672579371,0.128086253824062,0.998682844793179,0.428959183198517,0.0664482579739669,0.958428402785477,0.16354913949197,-0.113415180350726
CHOYP_LOC754102.1.1.m.57578,PropTest,0.0449774390989142,0.000525952701647053,-0.466870339400335,0.967036679485888,0.119517680410585,-0.251696211320594,0.949671592008509,0.00635370907541637,-0.46866004197818,0.979180442953242,0.33824019481341,-0.171014754484916,0.70458751436826,0.00115172107214729,0.57381069711311,0.958428402785477,0.279176150840887,0.183257290594432
CHOYP_LOC757096.1.1.m.9762,PropTest,0.0223693818314752,0.000226251920787895,-1.95080291989025,0.967036679485888,0.660377709534512,0.327365687960878,0.949671592008509,0.443085840815039,-0.773139166109326,0.979180442953242,0.342866173265258,-0.950326639360717,0.998682844793179,0.249373535870786,0.997618406019686,0.978007666549162,0.961417907370364,0.0532986964697646
CHOYP_MATN1.2.5.m.45361,PropTest,0.00128604208195042,6.19144164623929e-06,0.482496785781326,0.967036679485888,0.784923051438691,0.028078049973308,0.949671592008509,0.523656775015768,0.0703980922549245,0.661646113531649,0.00557403364851258,0.269031721886096,0.998682844793179,0.177041024596799,-0.131962555036942,0.958428402785477,0.0905401597164088,-0.177804749625338
CHOYP_MATN1.3.5.m.46206,PropTest,0.0117324317673627,9.73645789822634e-05,0.558669381246647,0.967036679485888,0.0125209454376334,0.295456440006134,0.949671592008509,0.0450348919776722,0.231507198747039,0.979180442953242,0.362476062172876,0.0976343990904507,0.998682844793179,0.370214825244058,0.098606213604512,0.988570254314213,0.9823100693638,0.00253558278787658
CHOYP_MBCDH18.1.1.m.34344,PropTest,0.0469773294173633,0.000555245689077349,-0.338049353121583,0.967036679485888,0.306299878288863,-0.107899619545666,0.949671592008509,0.0161930912487759,-0.265655418065888,3.78072651934954e-16,4.75383694121657e-20,-1.36839183133713,0.998682844793179,0.0103959489153586,-0.463015959699269,2.20810258833755e-05,2.49879583742461e-08,-0.765280663250094
CHOYP_MDN1.3.8.m.3846,PropTest,0.979445546193914,0.0485280300514428,-0.618227580803375,0.970075784323358,0.9306775096677,-0.0352043914238305,0.949671592008509,0.0892339374424117,0.889825846613103,0.979180442953242,0.147359667290657,-0.950326639360718,0.998682844793179,0.199443442464535,-0.809736516037919,3.00121905674896e-06,2.64158599236046e-09,-2.15691901092058
CHOYP_MDN1.6.8.m.52635,PropTest,0.979445546193914,0.278991121574866,-0.535765420611403,0.967036679485888,0.663275236680928,0.304645611460794,0.949671592008509,0.699842686677639,-0.358101666830482,0.979180442953242,0.682695743827065,-0.535289140081874,0.998682844793179,0.255916703682089,-1.32430968886768,0.00244646564694822,4.30661625264368e-06,-3.75405622558784
CHOYP_MUC5A.1.2.m.43407,PropTest,0.613053027158169,0.0178429217231691,2.37112517499712,0.967036679485888,0.156711367535887,0.812792515131119,0.949671592008509,0.518077294483128,-0.58049408816693,0.979180442953242,0.253489678311759,-0.824795757276858,0.998682844793179,0.107490371149675,-1.11785881140025,0.0336863103329312,9.31848141989799e-05,-2.68366689769644
CHOYP_MYS.7.7.m.44342,PropTest,0.400595585580515,0.00895785114310758,-0.263291318891303,0.967036679485888,0.158382858151322,0.162376952921347,0.949671592008509,0.0034896219364788,0.340817023187761,0.00336877170246717,2.96509517380488e-06,0.504367060269916,0.998682844793179,0.120859272926735,0.163450652828116,0.958428402785477,0.607121508632705,0.055623749416009
CHOYP_MYSP.4.9.m.2302,PropTest,0.316925964404398,0.00605717925178782,0.284880997798593,0.967036679485888,0.393532329181289,0.0891580326380375,0.0360180644487486,4.90821198456871e-05,0.442217264579991,0.979180442953242,0.578794034899077,0.0631776249890308,0.998682844793179,0.00454754537739949,0.316648552076819,0.0781513814965206,0.000336015860027436,0.388561429858738
CHOYP_NEMVEDRAFT_V1G159364.1.1.m.22912,PropTest,0.979445546193914,0.330506739041674,0.241842158052149,0.967036679485888,0.31482825616052,0.211888470540942,0.949671592008509,0.304621062338268,0.226860833890674,0.0780493606025284,0.000176648873487428,-0.90809840397142,0.998682844793179,0.675405844143622,0.128862939297939,0.958428402785477,0.645661952717157,0.101233173533466
CHOYP_NEMVEDRAFT_V1G167853.1.2.m.20047,PropTest,0.0223693818314752,0.000224097667297852,-2.5357654206114,0.967036679485888,0.846506603809963,-0.18720748486888,0.983037974432137,0.963447873107829,0.0342157559482779,0.979180442953242,0.449697464003913,0.786638954805489,0.998682844793179,0.997917368449714,-0.00238159398031446,0.958428402785477,0.0749286981790701,-1.94670130353024
CHOYP_NEMVEDRAFT_V1G97278.2.2.m.63646,PropTest,0.0191038981020536,0.000184961669037863,-1.73929881469653,0.967036679485888,0.753729713529902,-0.227849469366226,0.949671592008509,0.443085840815039,-0.773139166109326,0.979180442953242,0.371176077313819,0.72774526575192,0.998682844793179,0.565625102396218,0.483045233189927,0.958428402785477,0.768852437823477,0.223223697912077
CHOYP_NRP.2.4.m.39720,PropTest,0.0445558888020763,0.000515420818532757,1.59351759633356,0.967036679485888,0.326869730227685,0.322347613194252,0.949671592008509,0.381775474169779,0.319970238282155,0.992630036656368,0.991506728429296,0.00386967102615809,0.998682844793179,0.287781628967872,0.412655905298529,0.958428402785477,0.289876936063585,0.400101459996156
CHOYP_NRP.4.4.m.44647,PropTest,0.0122613163533607,0.000107904658924008,1.24850588833316,0.967036679485888,0.468563445143867,0.175362594515828,0.949671592008509,0.200815360572966,0.307031182574657,0.979180442953242,0.050923355554723,0.470516481599332,0.998682844793179,0.739371387796087,-0.0773436516615371,0.958428402785477,0.43780375317869,-0.209735709364029
CHOYP_PAN2.1.1.m.44691,PropTest,0.979445546193914,0.934127601242357,0.00763508946802283,0.0947734137412827,5.95834362764257e-05,-0.435394126295361,0.572012510169686,0.00136655824132076,-0.349757542697745,0.521907921398874,0.00355112685899233,0.311981150975024,0.490120878350456,0.000554644524727034,0.343329834662706,0.00121222033147346,1.98149934730982e-06,0.451361626805953
CHOYP_PGBM.2.3.m.44777,PropTest,0.00735435582087548,5.24766328513062e-05,3.44151450288851,0.967036679485888,0.415467437060881,-0.308886041457133,0.949671592008509,0.760068665025201,0.119945629974162,0.979180442953242,0.353277450792087,-0.402838844058224,0.998682844793179,0.749437018132631,0.149621499464736,0.958428402785477,0.215108586647136,0.716263709192194
CHOYP_PHUM_PHUM066670.2.3.m.42178,PropTest,0.979445546193914,0.0915641285492777,-0.56747428033874,0.967036679485888,0.877900730449069,0.0676064141599451,0.949671592008509,0.83315880476111,0.0707416319733918,0.979180442953242,0.0940292762202772,-0.636218048932654,0.998682844793179,0.00526990140281372,-1.65445829056001,0.0157536724622104,3.56552375606423e-05,-1.63182796617682
CHOYP_PHUM_PHUM226120.2.7.m.2274,PropTest,0.979445546193914,0.253633539879136,0.101967555364922,0.967036679485888,0.151248521406358,0.12908507534905,0.949671592008509,0.418256057580747,0.0761551281597566,0.0843947848590309,0.000201622144137003,0.33547674043087,0.314199290394508,0.000267064477123895,0.313787231618363,0.958428402785477,0.593193793791591,0.0471068627554967
CHOYP_PHUM_PHUM226120.3.7.m.20773,PropTest,0.979445546193914,0.25358919802117,0.102274132398716,0.967036679485888,0.214915811237103,0.112000533518398,0.949671592008509,0.534760418658147,0.0587710890765791,0.0998885450070142,0.000276316860323691,0.329966966818681,0.314199290394508,0.000316056120100096,0.311412073165869,0.958428402785477,0.395843528079159,0.0750404756238314
CHOYP_PHUM_PHUM226120.5.7.m.43551,PropTest,0.979445546193914,0.247391689562806,-0.216041596650769,0.967036679485888,0.571577576785646,0.119290569448876,0.949671592008509,0.247748445270713,-0.267903857858903,0.979180442953242,0.357037149911139,0.175204242723141,0.998682844793179,0.010904932691088,0.461899424318378,0.0521608375980668,0.000163965917257849,0.724675949008394
CHOYP_PIDD.1.1.m.54294,PropTest,0.0634913707950437,0.000758415720549372,-3.03826576114059,0.967036679485888,0.925573142744446,0.134720610018482,0.949671592008509,0.874920628020413,0.226860833890674,0.979180442953242,0.972531914860765,0.0496733606392824,0.998682844793179,0.998682844793179,-0.00238159398031423,0.958428402785477,0.801506570364873,-0.361738802809079
CHOYP_PIF.3.6.m.18904,PropTest,0.00102660493414108,4.51793948131997e-06,3.2715895014462,0.967036679485888,0.453748907399217,0.267987140881946,0.949671592008509,0.257909259211421,0.407433079532495,0.979180442953242,0.967691827594194,0.0131474846141684,0.998682844793179,0.409983693512585,0.283020624881933,0.958428402785477,0.689793359815086,0.147274844678778
CHOYP_PPIB.2.4.m.40019,PropTest,0.0223693818314752,0.000227828483383564,-1.60791520636724,0.967036679485888,0.379793762453004,-0.56571910812261,0.949671592008509,0.724841965512553,0.226860833890674,0.979180442953242,0.413585273244304,-0.535289140081874,0.998682844793179,0.634840064262156,-0.324309688867677,0.958428402785477,0.48409623314211,0.445616119248525
CHOYP_PPUTW619_2764.1.1.m.44946,PropTest,8.92400430690903e-07,1.34651140051438e-09,3.57275903616677,0.967036679485888,0.751065490472436,0.0849675748213823,0.949671592008509,0.225371012228079,0.329954326854778,0.979180442953242,0.316575938893287,-0.284745678431277,0.998682844793179,0.563841828985172,-0.190008597156086,0.978007666549162,0.965192932284982,0.0137703322831273
CHOYP_PRP6.2.2.m.34365,PropTest,0.979445546193914,0.327158659953989,-0.202989943487048,0.967036679485888,0.0193356350517546,-0.509948136826942,0.00310093494677622,1.97541097084363e-06,-1.24262444941055,0.979180442953242,0.766180371440491,0.0675952686365449,0.998682844793179,0.304195596281416,-0.215375317314512,0.978007666549162,0.940746004902224,-0.0149360392826878
CHOYP_RGD1561408.1.2.m.4308,PropTest,0.000761925589512445,3.06571342441824e-06,0.940820919064961,0.967036679485888,0.017678761544685,0.39598592299922,0.949671592008509,0.629180535517967,-0.106265467601553,0.979180442953242,0.0340913807427507,-0.346679575374635,0.998682844793179,0.0629233046369803,-0.355397366651774,0.958428402785477,0.241042749142372,-0.242686131165316
CHOYP_RL24.6.9.m.43123,PropTest,0.0025292808820627,1.52653693372324e-05,1.69305326988448,0.967036679485888,0.244935387493117,0.327365687960878,0.949671592008509,0.579703626388298,-0.156467805660832,0.995136828024841,0.994565333917879,-0.00185694000079994,0.998682844793179,0.815151380494645,-0.076382175424091,0.958428402785477,0.589209113259894,0.168775913889701
CHOYP_RL9.5.6.m.63453,PropTest,0.979445546193914,0.535157260005738,-0.177573781737268,0.967036679485888,0.259504815796967,-0.286743158419795,0.247683736443527,0.000436008086283085,-0.968155148514469,0.979180442953242,0.182399448684675,0.336955312719754,0.998682844793179,0.856227052041718,-0.0448168603007115,0.059274789634321,0.000209167322753815,1.01377033228313
CHOYP_RS9.9.13.m.44486,PropTest,0.000162028312974945,4.4821110089888e-07,3.95608767571827,0.969753340420925,0.930002354758002,-0.0303386362520142,0.983037974432137,0.960130520529307,0.0174074682617249,0.979180442953242,0.492772336910757,-0.235728858222966,0.998682844793179,0.800325652690347,-0.0898444352306536,0.958428402785477,0.315943686999547,0.388282944182573
CHOYP_SSPO.12.14.m.53188,PropTest,3.74926706978187e-06,6.12856430367966e-09,-2.29475732110761,0.967036679485888,0.584250573975113,-0.312738366952739,0.949671592008509,0.503894715798076,-0.410569086724618,0.979180442953242,0.325496494005191,-0.447826298831534,0.998682844793179,0.395896238311334,0.528133122718466,0.958428402785477,0.149418176829809,0.918369116383656
CHOYP_TBA.1.6.m.12217,PropTest,0.00270780150889112,1.66832986213586e-05,-0.56747428033874,0.967036679485888,0.0471278075817514,-0.315445112663964,0.949671592008509,0.0104966165003354,-0.434155907042234,0.979180442953242,0.200553109950548,-0.222947094023709,0.998682844793179,0.0044667239636193,0.503146439246438,0.958428402785477,0.352115607113098,0.156292689793091
CHOYP_TBA1A.2.4.m.19573,PropTest,0.016030549621747,0.000153190213913338,-0.405997545641073,0.967036679485888,0.0443347872518053,-0.250857288786698,0.949671592008509,0.0272161601414669,-0.29201247637271,0.979180442953242,0.0206522003497465,-0.315323456139966,0.998682844793179,0.0527521297642448,0.266651552474923,0.958428402785477,0.566474316610861,0.0758819818368899
CHOYP_TBB4B.1.7.m.12262,PropTest,0.979445546193914,0.397497191030598,-0.0690658015100656,0.600071686387495,0.000875598557041659,-0.300665534652163,0.0149718942774503,1.69429207213697e-05,-0.403593050989224,0.979180442953242,0.149921129839289,0.133679335896591,0.998682844793179,0.291761132769987,0.0935594011943301,0.958428402785477,0.819781122055723,0.0212471131297232
CHOYP_TBB4B.7.7.m.63980,PropTest,0.603009329584534,0.0166807560051047,-0.167657157685264,0.454215652639422,0.000477825079455934,-0.272415021799672,0.00542272537249487,4.7729256390625e-06,-0.377134858993085,0.979180442953242,0.274307510700372,0.0885131025026435,0.998682844793179,0.936383550981049,0.00629629709168356,0.958428402785477,0.6868474624364,0.0334274936087819
CHOYP_TCPD.1.1.m.13556,PropTest,0.979445546193914,0.740813691197126,-0.0747916371656991,0.967036679485888,0.66525666587139,0.0986513553109596,0.949671592008509,0.842985064442692,0.0475371344461122,0.0655525369156114,9.8909901042039e-05,-0.798323545915668,0.998682844793179,0.742372349286548,-0.0754450561700377,0.958428402785477,0.240057315284967,-0.295649612351307
CHOYP_TEKT3.1.1.m.37281,PropTest,0.000172089839947267,5.19320527943469e-07,-1.2660051515893,0.967036679485888,0.806987367300894,-0.087671811317966,0.959724267870416,0.892386193140722,0.0439967767408636,0.979180442953242,0.769260694382371,-0.0947165486958923,0.998682844793179,0.150261944896225,-0.546702110204125,0.958428402785477,0.383780217223494,-0.361738802809079
CHOYP_TITIN.6.19.m.31591,PropTest,0.979445546193914,0.140408934973919,-0.294287158144056,0.967036679485888,0.729590692221327,0.079579055826021,0.949671592008509,0.141967314238551,-0.358101666830482,0.979180442953242,0.447851028395993,0.166487025622033,0.998682844793179,0.255656628662182,0.251374998265469,0.0139087750866788,2.97308156008475e-05,0.889799964186885
CHOYP_TITIN.8.19.m.35861,PropTest,0.979445546193914,0.0948883536754782,-0.303319334611032,0.967036679485888,0.768828791956561,0.0607200285747052,0.949671592008509,0.156817855214813,-0.316281491135855,0.979180442953242,0.315763058654823,0.197426981082975,0.998682844793179,0.150191826925395,0.274458611378511,0.0781513814965206,0.000334013140576216,0.700802663259634
CHOYP_TMEM2.3.4.m.10491,PropTest,0.009564254865535,7.69662154399899e-05,-2.95080291989025,0.967036679485888,0.731400300612477,-0.450241890702674,0.949671592008509,0.53223805972573,0.81182333461183,0.979180442953242,0.972531914860765,0.0496733606392824,0.998682844793179,0.653385218518997,-0.587344094701471,0.958428402785477,0.801506570364873,-0.361738802809079
CHOYP_TRIADDRAFT_32712.4.4.m.44519,PropTest,0.0109099331178775,8.91670630783399e-05,3.37112517499712,0.974200621254942,0.943376641874823,-0.0352043914238305,0.949671592008509,0.2575143037896,0.516367451085658,0.979180442953242,0.12827723546245,-0.812823115610782,0.998682844793179,0.604786586642655,0.260652811853479,0.976932648911716,0.908095603564365,-0.0621785209501717
CHOYP_TVAG_106580.1.1.m.44429,PropTest,0.00860621978661355,6.70923710260329e-05,2.48215648738586,0.967036679485888,0.530322883157363,-0.227849469366227,0.949671592008509,0.585516888615848,-0.220598143080548,0.98914342442178,0.986355681097902,-0.00691016772708508,0.998682844793179,0.319674283618441,0.483045233189927,0.958428402785477,0.313660695860754,0.564260615747144
CHOYP_TVAG_268110.13.13.m.65590,PropTest,0.82912600221984,0.0268973354171657,-0.773925157806167,0.967036679485888,0.768846517812143,-0.128313795815312,0.949671592008509,0.421949645751996,0.396785835332986,0.979180442953242,0.382671627596609,-0.49089502072342,0.998682844793179,0.112625829259749,-0.739347188146521,4.30106651835354e-05,5.40810576933678e-08,-2.06217852095017
CHOYP_TVAG_355490.15.22.m.47579,PropTest,0.979445546193914,0.140911690641454,-0.394409571365861,0.967036679485888,0.260887972931458,-0.384653549075098,0.949671592008509,0.60997149195785,0.226860833890674,0.979180442953242,0.155297580563336,-0.798323545915668,0.998682844793179,0.0772755032307109,-0.838882861697435,5.00131670588368e-12,1.25771827131489e-15,-2.47721602022902
CHOYP_TVAG_355490.16.22.m.50235,PropTest,0.979445546193914,0.245178192143499,-0.401464328899811,0.967036679485888,0.350740216982545,-0.421672738505904,0.949671592008509,0.419325051196672,-0.550746744772878,0.979180442953242,0.123698589311497,-1.27225473424808,0.998682844793179,0.0215768724494652,-1.5048819345095,3.95785815545027e-12,4.97655998422012e-16,-3.34156092087145
CHOYP_TVAG_355490.6.22.m.13410,PropTest,0.979445546193914,0.164487386847374,-0.516400095744471,0.967036679485888,0.735537625699683,-0.154786007176503,0.983037974432137,0.953299607215771,-0.0361735719431202,0.979180442953242,0.253489678311759,-0.824795757276858,0.998682844793179,0.489016190149896,-0.461813212617611,9.45738896213427e-07,6.79515911126881e-10,-2.44265879819265
CHOYP_TVAG_355490.7.22.m.16997,PropTest,0.979445546193914,0.363892842279305,-0.30835492450833,0.967036679485888,0.756673999641008,0.134720610018482,0.949671592008509,0.656136006199696,0.226860833890674,0.979180442953242,0.16841404768133,-0.857217234969236,0.998682844793179,0.301190996996956,-0.516954766810072,7.94004889776038e-06,7.9869723603776e-09,-2.10716597572348
CHOYP_TYRO.1.1.m.38876,PropTest,0.0250008046847501,0.000260916231464134,2.04919708010975,0.967036679485888,0.0251285517169496,0.812792515131119,0.958550978126798,0.884984653007437,-0.0532470853020612,0.979180442953242,0.46559204059025,-0.262270645675458,0.998682844793179,0.519128630465571,0.242730903856217,0.958428402785477,0.0225135450208075,1.17431409743113
CHOYP_VOLCADRAFT_93060.2.2.m.26741,PropTest,0.000127700907963299,3.37195909371215e-07,-0.855943733548805,0.967036679485888,0.029566497419403,-0.49331061259456,0.949671592008509,0.163588545749238,-0.349331457202751,0.979180442953242,0.16900597723616,-0.317535613548946,0.998682844793179,0.0956933344284143,-0.380893217234044,0.958428402785477,0.468664759107059,-0.191813801366767
CHOYP_VRP.2.4.m.18914,PropTest,0.0230879553016409,0.000238050086097643,1.95608767571827,0.967036679485888,0.918680422385549,-0.0421571520655979,0.949671592008509,0.644507972168996,0.176234760820706,0.979180442953242,0.0257108706309003,-1.13475121049814,0.998682844793179,0.132747402263299,-1.13988511773025,0.978007666549162,0.966858677930964,-0.0207018849740122
CHOYP_XRN2.1.1.m.13943,PropTest,0.979445546193914,0.0424818031041,-1.19873043333383,0.967036679485888,0.0268631021794738,-1.21891634459622,0.949671592008509,0.132310242545671,-0.965784244051722,0.521907921398874,0.00367680472363332,-2.12025164080303,0.998682844793179,0.0385998570535597,-1.48780842115056,0.0666779917035161,0.000259904154760342,-2.36173880280908
